-- phpMyAdmin SQL Dump
-- version 5.2.1
-- https://www.phpmyadmin.net/
--
-- Host: 127.0.0.1:3307
-- Generation Time: Sep 16, 2025 at 05:32 PM
-- Server version: 10.4.32-MariaDB
-- PHP Version: 8.2.12

SET SQL_MODE = "NO_AUTO_VALUE_ON_ZERO";
START TRANSACTION;
SET time_zone = "+00:00";


/*!40101 SET @OLD_CHARACTER_SET_CLIENT=@@CHARACTER_SET_CLIENT */;
/*!40101 SET @OLD_CHARACTER_SET_RESULTS=@@CHARACTER_SET_RESULTS */;
/*!40101 SET @OLD_COLLATION_CONNECTION=@@COLLATION_CONNECTION */;
/*!40101 SET NAMES utf8mb4 */;

--
-- Database: `coworking_db`
--

-- --------------------------------------------------------

--
-- Table structure for table `bookings`
--

CREATE TABLE `bookings` (
  `booking_id` int(11) NOT NULL,
  `user_id` int(11) DEFAULT NULL,
  `desk_id` int(11) NOT NULL,
  `customer_name` varchar(255) DEFAULT NULL,
  `booking_date` date DEFAULT NULL,
  `booking_start_time` time DEFAULT NULL,
  `booking_end_time` time DEFAULT NULL,
  `phone` varchar(50) DEFAULT NULL,
  `note` text DEFAULT NULL,
  `payment_status` enum('pending','paid','cancelled') DEFAULT 'pending',
  `slip` varchar(255) DEFAULT NULL,
  `payment_verified` enum('pending','approved','rejected') DEFAULT 'pending',
  `created_at` datetime DEFAULT current_timestamp(),
  `updated_at` datetime DEFAULT current_timestamp() ON UPDATE current_timestamp(),
  `checkin_status` varchar(20) DEFAULT NULL,
  `checkin_time` datetime DEFAULT NULL,
  `checkout_status` varchar(20) DEFAULT NULL,
  `checkout_time` datetime DEFAULT NULL
) ENGINE=InnoDB DEFAULT CHARSET=utf8mb4 COLLATE=utf8mb4_general_ci;

--
-- Dumping data for table `bookings`
--

INSERT INTO `bookings` (`booking_id`, `user_id`, `desk_id`, `customer_name`, `booking_date`, `booking_start_time`, `booking_end_time`, `phone`, `note`, `payment_status`, `slip`, `payment_verified`, `created_at`, `updated_at`, `checkin_status`, `checkin_time`, `checkout_status`, `checkout_time`) VALUES
(5, 3, 35, 'ศศิเพ็ญ สุพร', '2025-06-17', '13:00:00', '14:00:00', '0648266223', 'test2', 'pending', NULL, 'pending', '2025-06-14 16:21:38', '2025-06-14 16:21:38', NULL, NULL, NULL, NULL),
(6, 3, 26, 'ศศิเพ็ญ สุพร', '2025-06-15', '08:00:00', '09:00:00', '0648266223', 'test 3', 'cancelled', NULL, 'pending', '2025-06-14 16:51:48', '2025-06-14 16:53:49', NULL, NULL, NULL, NULL),
(7, 3, 27, 'บลูส์', '2025-06-19', '10:00:00', '11:00:00', '0648266223', 'test3', 'paid', 'payment_slips/1749897272_IMG_4117.jpeg', 'approved', '2025-06-14 16:55:16', '2025-06-14 18:36:21', NULL, NULL, NULL, NULL),
(10, 3, 27, 'ศศิเพ็ญ สุพร', '2025-06-19', '11:30:00', '12:00:00', '0648266223', '', 'pending', NULL, 'pending', '2025-06-14 18:40:32', '2025-06-14 18:40:32', NULL, NULL, NULL, NULL),
(11, 3, 1, 'ทดสอบแก้การจองซ้ำ', '2025-06-15', '12:00:00', '13:00:00', '0648266223', 'test 1 สร้างข้อมูลลองระบบก่อน', 'pending', 'payment_slips/สลิปโอนเงิน.png', 'approved', '2025-06-14 20:15:11', '2025-06-14 20:48:15', NULL, NULL, NULL, NULL),
(12, 3, 2, 'เทสระบบบันทึกเปย์เม้น', '2025-06-15', '12:00:00', '13:00:00', '0648266223', 'testแก้บันทึกการชำระลงฐานข้อมูล', 'pending', NULL, 'pending', '2025-06-14 21:19:18', '2025-06-14 21:19:18', NULL, NULL, NULL, NULL),
(13, 3, 11, 'เทสครั้งที่2ข้อมูลชำระ', '2025-06-15', '12:00:00', '13:00:00', '0648266223', 'test ยังบันทึกลงpaymentsไม่ผ่าน', 'cancelled', NULL, 'pending', '2025-06-14 21:37:15', '2025-06-14 21:52:57', NULL, NULL, NULL, NULL),
(14, 3, 12, 'เทสpayment+upload', '2025-06-15', '12:00:00', '13:00:00', '0648266223', 'บันทึกสักทีเถอะ', 'paid', 'payment_slips/1749913050_Page365+เช็คสลิปโอนเงินอัตโนมัติ.png', 'approved', '2025-06-14 21:57:21', '2025-06-18 17:24:58', NULL, NULL, NULL, NULL),
(15, 4, 10, 'แนน', '2025-06-15', '14:00:00', '15:00:00', '0812345678', 'เทสระบบแอดมินกดคอนเฟิร์มยอด', 'paid', 'payment_slips/1749917183_Page365+เช็คสลิปโอนเงินอัตโนมัติ.png', 'approved', '2025-06-14 23:05:57', '2025-06-20 00:05:32', NULL, NULL, 'checked_out', '2025-06-20 00:05:32'),
(16, 4, 37, 'พิชญพร บุญคำ แนน', '2025-06-16', '09:00:00', '10:00:00', '0812345678', 'เทสระบบหลังบ้าน', 'cancelled', NULL, 'pending', '2025-06-14 23:07:48', '2025-06-14 23:08:01', NULL, NULL, NULL, NULL),
(17, 4, 35, 'พิชญพร บุญคำ แนน', '2025-06-14', '15:00:00', '16:00:00', '0812345678', 'เทสระบบหลังบ้าน 2', '', NULL, 'rejected', '2025-06-14 23:08:58', '2025-06-18 17:24:35', NULL, NULL, NULL, NULL),
(18, 3, 3, 'test ดูกะทีม', '2025-06-19', '16:00:00', '17:00:00', '0812345678', 'ลองระบบชำระเงิน', 'paid', 'payment_slips/1750146456_Page365+เช็คสลิปโอนเงินอัตโนมัติ.png', 'approved', '2025-06-17 14:47:09', '2025-06-18 17:23:13', NULL, NULL, NULL, NULL),
(19, 3, 1, 'ศศิเพ็ญ สุพร', '2025-06-17', '18:00:00', '20:00:00', '0612345678', 'ลองระบบคำนวณราคา', 'cancelled', NULL, 'pending', '2025-06-17 14:58:18', '2025-06-17 14:58:48', NULL, NULL, NULL, NULL),
(20, 3, 11, 'ศศิเพ็ญ สุพร', '2025-06-17', '16:00:00', '17:00:00', '08312345678', 'แก้ไขpayment และ การupload', 'cancelled', NULL, 'pending', '2025-06-17 15:52:53', '2025-06-17 15:53:18', NULL, NULL, NULL, NULL),
(21, 3, 7, 'ศศิเพ็ญ สุพร', '2025-06-17', '16:00:00', '19:00:00', '0612345678', 'ลองระบบคำนวณ', 'paid', NULL, 'approved', '2025-06-17 16:12:25', '2025-06-18 17:23:02', NULL, NULL, NULL, NULL),
(24, 3, 11, 'ศศิเพ็ญ สุพร', '2025-06-17', '16:00:00', '17:00:00', '0812345678', '', 'cancelled', NULL, 'pending', '2025-06-18 16:16:06', '2025-06-18 16:16:18', NULL, NULL, NULL, NULL),
(25, 3, 1, 'เทส', '2025-06-19', '16:00:00', '17:00:00', '08312345678', 'เทสการยกเลิกเรียกคืนโต๊ะ', 'cancelled', NULL, 'pending', '2025-06-18 16:19:07', '2025-06-18 16:21:15', NULL, NULL, NULL, NULL),
(26, 3, 1, 'เทสเทส', '2025-06-19', '16:00:00', '17:00:00', '0812345678', 'การคืนค่าโต๊ะแบบกดยกเลิก', 'cancelled', NULL, 'pending', '2025-06-18 16:22:09', '2025-06-18 16:22:15', NULL, NULL, NULL, NULL),
(27, 3, 1, 'ศศิเพ็ญ สุพร', '2025-06-19', '16:00:00', '17:00:00', '0612345678', 'เช็คว่าคืนหรือยัง', 'paid', 'payment_slips/1750238604_สลิปโอนเงิน.png', 'approved', '2025-06-18 16:23:09', '2025-06-18 17:22:19', NULL, NULL, NULL, NULL),
(28, 4, 3, 'พิชญพร บุญคำ แนน', '2025-06-20', '08:00:00', '09:00:00', '08312345678', 'เทสยกเลิก ให้โชว์สถานะ', 'cancelled', NULL, 'pending', '2025-06-18 18:07:57', '2025-06-18 18:08:01', NULL, NULL, NULL, NULL),
(29, 4, 3, 'พิชญพร บุญคำ แนน', '2025-06-20', '08:00:00', '09:00:00', '0812345678', 'เทสรีเจค ไม่ลบข้อมูล', '', 'payment_slips/1750245205_สลิ.png', 'rejected', '2025-06-18 18:13:09', '2025-06-18 18:13:44', NULL, NULL, NULL, NULL),
(30, 4, 11, 'พิชญพร บุญคำ แนน', '2025-06-20', '16:00:00', '19:00:00', '08312345678', '', 'paid', 'payment_slips/1750250288_romantictrip_79351.png', 'approved', '2025-06-18 19:37:46', '2025-08-12 06:52:06', 'checked_in', '2025-06-20 00:22:28', 'checked_out', '2025-06-20 00:22:28'),
(31, 7, 9, 'Thanyalak somwang', '2025-06-20', '13:00:00', '14:00:00', '0842380834', '', 'paid', 'payment_slips/1750317497_floor2.png', 'approved', '2025-06-19 14:17:16', '2025-06-19 14:23:20', NULL, NULL, NULL, NULL),
(32, 7, 20, 'Thanyalak somwang', '2025-06-20', '11:00:00', '14:00:00', '0812345678', 'เทสการเช็คอินก่อนวันให้เข้าเงื่อนไขที่ถูกต้อง', 'paid', 'payment_slips/1750337075_romantictrip_79351.png', 'approved', '2025-06-19 19:44:19', '2025-06-19 23:55:23', NULL, NULL, NULL, NULL),
(33, 7, 10, 'Thanyalak somwang', '2025-06-21', '12:00:00', '14:00:00', '0842380834', '', 'paid', 'payment_slips/1750337249_images.png', 'rejected', '2025-06-19 19:47:10', '2025-06-19 23:55:23', NULL, NULL, NULL, NULL),
(34, 7, 11, 'Thanyalak somwang', '2025-06-20', '08:00:00', '09:00:00', '0842380834', '', 'paid', 'payment_slips/1750340383_Screenshot_1.png', 'approved', '2025-06-19 20:39:26', '2025-06-19 23:55:23', NULL, NULL, NULL, NULL),
(35, 7, 11, 'Thanyalak somwang', '2025-06-19', '08:00:00', '09:00:00', '0842380834', '', 'paid', NULL, 'rejected', '2025-06-19 21:17:44', '2025-06-19 23:55:23', NULL, NULL, NULL, NULL),
(36, 7, 7, 'Thanyalak somwang', '2025-06-20', '08:00:00', '09:00:00', '0842380834', '', 'paid', NULL, 'rejected', '2025-06-19 21:36:54', '2025-06-19 23:55:23', NULL, NULL, NULL, NULL),
(37, 7, 12, 'Thanyalak somwang', '2025-06-20', '08:00:00', '09:00:00', '0612345678', '', 'paid', 'payment_slips/37_สลิปโอนเงิน.png', 'approved', '2025-06-19 21:51:02', '2025-06-19 23:55:23', NULL, NULL, NULL, NULL),
(38, 7, 20, 'Thanyalak somwang', '2025-06-23', '08:00:00', '09:00:00', '0842380834', '', 'paid', 'payment_slips/1750345755_Page365+เช็คสลิปโอนเงินอัตโนมัติ.png', 'approved', '2025-06-19 22:08:27', '2025-06-19 23:55:23', NULL, NULL, NULL, NULL),
(39, 7, 35, 'Thanyalak somwang', '2025-06-24', '21:00:00', '22:00:00', '0842380834', '', '', 'payment_slips/1750348760_scan_security_scanning_scanner_barcode_qr_code_icon_261488.png', 'pending', '2025-06-19 22:58:47', '2025-06-19 22:59:20', NULL, NULL, NULL, NULL),
(40, 7, 5, 'Thanyalak somwang', '2025-06-26', '20:00:00', '22:00:00', '0842380834', 'แก้ไขบันทึกลงpayments', 'paid', 'payment_slips/1750351464_76897_0.jpg', 'approved', '2025-06-19 23:12:58', '2025-06-19 23:44:42', NULL, NULL, NULL, NULL),
(41, 7, 25, 'Thanyalak somwang', '2025-06-29', '10:00:00', '09:00:00', '08312345678', '', 'cancelled', NULL, 'pending', '2025-06-20 02:02:12', '2025-06-20 02:02:22', NULL, NULL, NULL, NULL),
(42, 7, 35, 'Thanyalak somwang', '2025-06-19', '08:00:00', '09:00:00', '0842380834', '', 'paid', 'payment_slips/1750359795_Page365+เช็คสลิปโอนเงินอัตโนมัติ.png', 'approved', '2025-06-20 02:03:00', '2025-06-20 02:03:36', NULL, NULL, NULL, NULL),
(43, 3, 3, 'ศศิเพ็ญ สุพร', '2025-06-21', '13:00:00', '16:00:00', '0648266223', '', 'paid', 'payment_slips/1750488471_5-1.png', 'approved', '2025-06-21 13:46:42', '2025-08-12 06:52:06', 'checked_in', '2025-06-21 14:48:26', NULL, NULL),
(44, 3, 11, 'ศศิเพ็ญ สุพร', '2025-06-21', '14:30:00', '16:30:00', '0648266223', '', '', 'payment_slips/1750492044_5-1.png', 'rejected', '2025-06-21 14:47:15', '2025-08-10 17:28:49', NULL, NULL, NULL, NULL),
(45, 3, 3, 'ศศิเพ็ญ สุพร', '2025-06-22', '12:00:00', '14:00:00', '0812345678', '', 'paid', 'payment_slips/1750497022_5-1.png', 'approved', '2025-06-21 16:10:11', '2025-07-09 00:21:03', NULL, NULL, NULL, NULL),
(46, 9, 2, 'ศุภิสรา สมรูป', '2025-07-08', '21:00:00', '22:00:00', '0925597478', '', 'paid', 'payment_slips/1751983023_S__22503439.jpg', 'approved', '2025-07-08 20:56:36', '2025-08-12 06:52:06', 'checked_in', '2025-07-08 22:50:03', 'checked_out', '2025-07-08 22:50:03'),
(52, 10, 2, 'pitchayaporn boonkam', '2025-07-09', '00:47:00', '01:50:00', '0925597478', '', '', 'payment_slips/1751996822_ต๊กตาแมวสีส้มสลับขาวๆน่ารักๆ.jpg', 'pending', '2025-07-09 00:46:47', '2025-07-09 00:47:02', NULL, NULL, NULL, NULL),
(53, 10, 4, 'pitchayaporn boonkam', '2025-07-09', '01:00:00', '02:00:00', '0870954382', '', '', 'payment_slips/1751997573_S__22503439.jpg', 'pending', '2025-07-09 00:59:20', '2025-07-09 00:59:33', NULL, NULL, NULL, NULL),
(54, 10, 7, 'pitchayaporn boonkam', '2025-07-09', '01:51:00', '02:43:00', '0856477458', '', 'paid', 'payment_slips/1752000650_S__22503439.jpg', 'approved', '2025-07-09 01:50:37', '2025-07-09 01:51:09', NULL, NULL, NULL, NULL),
(55, 10, 2, 'pitchayaporn boonkam', '2025-07-09', '02:00:00', '03:00:00', '0925927370', '', 'paid', 'payment_slips/1752001261_ผู้หญิงน่ารักๆ ตาโตๆ ผมยาวมัดหางม้าใส่หมวกแก๊ปสีดำ แต่งตัววินเทจ เสื้อกล้ามครอปสีดำ ใส่กางเกงยีนส์ขากระบอกใหญ่สีสนิม ใส้ผ้าใบเท่ห์ (2).jpg', 'approved', '2025-07-09 02:00:48', '2025-07-09 02:01:30', NULL, NULL, NULL, NULL),
(56, 10, 14, 'pitchayaporn boonkam', '2025-07-09', '22:24:00', '23:00:00', '0925927370', '', '', 'payment_slips/1752076548_S__22642693_0.png', 'rejected', '2025-07-09 22:22:57', '2025-08-10 17:21:09', NULL, NULL, NULL, NULL),
(57, 10, 23, 'pitchayaporn boonkam', '2025-07-09', '23:14:00', '23:59:00', '0870954382', '', 'paid', 'payment_slips/1752077596_ไอคอนการติดตามสถานะพัสดุ มีรถมอเตอร์ไซต์มีกล่องพัสดุมีหมุดระบุพื้นที่ (1).jpg', 'approved', '2025-07-09 23:12:55', '2025-08-12 06:52:06', 'checked_in', '2025-07-09 23:51:41', NULL, NULL),
(58, 9, 6, 'ศุภิสรา สมรูป', '2025-07-10', '00:10:00', '01:00:00', '0856477458', '', 'paid', 'payment_slips/1752080981_987A7B34-B82E-45C0-8AD4-11012B204C7A.jpg', 'approved', '2025-07-10 00:09:34', '2025-07-10 21:11:50', NULL, NULL, 'checked_out', '2025-07-10 21:11:50'),
(59, 9, 3, 'ศุภิสรา สมรูป', '2025-07-10', '22:15:00', '23:00:00', '0925597478', '', 'paid', 'payment_slips/1752161369_S__22642695_0.jpg', 'approved', '2025-07-10 22:08:20', '2025-08-12 06:52:06', 'checked_in', '2025-07-10 23:19:05', 'checked_out', '2025-07-10 23:19:05'),
(60, 9, 4, 'ศุภิสรา สมรูป', '2025-07-11', '00:10:00', '00:55:00', '0856477458', '', 'paid', 'payment_slips/1752167378_ต๊กตาแมวสีส้มสลับขาวๆน่ารักๆ (1).jpg', 'approved', '2025-07-11 00:09:24', '2025-07-12 17:27:44', NULL, NULL, 'checked_out', '2025-07-12 17:27:44'),
(61, 9, 2, 'ศุภิสรา สมรูป', '2025-07-12', '17:00:00', '18:00:00', '0925597478', '', '', 'payment_slips/1753697301_S__22503439.jpg', 'rejected', '2025-07-12 16:56:35', '2025-08-10 17:21:03', NULL, NULL, 'checked_out', '2025-07-12 18:43:40'),
(62, 10, 3, 'pitchayaporn boonkam', '2025-07-12', '19:44:00', '20:44:00', '0925927370', '', 'paid', 'payment_slips/1752324231_S__22888460_0.jpg', 'approved', '2025-07-12 19:42:40', '2025-08-12 06:52:06', 'checked_in', '2025-07-12 23:18:46', 'checked_out', '2025-07-12 23:18:46'),
(63, 10, 1, 'pitchayaporn boonkam', '2025-07-12', '21:15:00', '22:20:00', '0925927370', '', 'paid', 'payment_slips/1752329546_S__22888463_0.jpg', 'approved', '2025-07-12 21:11:53', '2025-07-12 23:19:59', NULL, NULL, 'checked_out', '2025-07-12 23:19:59'),
(64, 9, 5, 'ศุภิสรา สมรูป', '2025-07-12', '23:46:00', '23:59:00', '0925597478', '', 'paid', 'payment_slips/1752338795_S__22888461_0.jpg', 'approved', '2025-07-12 23:46:23', '2025-08-12 06:52:06', 'checked_in', '2025-07-13 00:07:24', 'checked_out', '2025-07-13 00:07:24'),
(65, 9, 11, 'ศุภิสรา สมรูป', '2025-07-13', '00:50:00', '01:10:00', '0925597478', '', 'paid', 'payment_slips/1752342580_S__22888464_0.jpg', 'approved', '2025-07-13 00:49:30', '2025-08-12 06:52:06', 'checked_in', '2025-07-13 00:53:19', 'checked_out', '2025-07-13 00:53:19'),
(66, 9, 5, 'ศุภิสรา สมรูป', '2025-07-13', '01:23:00', '01:59:00', '0925597478', '', 'paid', 'payment_slips/1752344605_S__22888458_0.jpg', 'approved', '2025-07-13 01:23:14', '2025-08-12 06:52:06', 'checked_in', '2025-07-13 01:24:25', 'checked_out', '2025-07-13 01:24:25'),
(67, 11, 31, 'แนน พิชญพร', '2025-08-09', '02:06:00', '03:20:00', '0925597478', '', 'paid', 'payment_slips/1754679837_S__22888462_0.jpg', 'approved', '2025-08-09 02:03:44', '2025-08-12 06:52:06', 'checked_in', '2025-08-09 02:28:04', 'checked_out', '2025-08-09 02:28:04'),
(68, 11, 37, 'แนน พิชญพร', '2025-08-09', '03:20:00', '04:00:00', '0925597478', '', 'paid', 'payment_slips/1754684278_S__22888464_0.jpg', 'approved', '2025-08-09 03:17:34', '2025-08-12 06:52:06', 'checked_in', '2025-08-09 03:20:24', NULL, NULL),
(69, 11, 26, 'แนน พิชญพร', '2025-08-09', '04:30:00', '05:00:00', '0925597478', '', 'paid', 'payment_slips/1754688479_S__22888458_0.jpg', 'approved', '2025-08-09 04:27:46', '2025-08-12 06:52:06', 'checked_in', '2025-08-09 04:31:15', 'checked_out', '2025-08-09 04:31:15'),
(70, 11, 24, 'แนน พิชญพร', '2025-08-09', '18:15:00', '19:00:00', '0925597478', '', 'paid', 'payment_slips/1754737946_S__22888464_0.jpg', 'approved', '2025-08-09 18:12:09', '2025-08-12 06:52:06', 'checked_in', '2025-08-09 18:18:38', 'checked_out', '2025-08-09 18:18:38'),
(71, 11, 36, 'แนน พิชญพร', '2025-08-09', '18:46:00', '19:10:00', '0925597478', '', 'paid', 'payment_slips/1754739878_S__22888461_0.jpg', 'approved', '2025-08-09 18:44:29', '2025-08-12 06:52:06', 'checked_in', '2025-08-09 18:45:59', 'checked_out', '2025-08-09 18:45:59'),
(72, 11, 33, 'แนน พิชญพร', '2025-08-10', '15:12:00', '16:00:00', '0925597478', '', 'paid', 'payment_slips/1754813503_S__22888458_0.jpg', 'approved', '2025-08-10 15:11:23', '2025-08-12 06:52:06', 'checked_in', '2025-08-10 15:40:29', 'checked_out', '2025-08-10 15:40:29'),
(73, 11, 32, 'แนน พิชญพร', '2025-08-10', '17:17:00', '17:30:00', '0925597478', '', 'paid', 'payment_slips/1754821009_S__22888460_0.jpg', 'approved', '2025-08-10 17:16:36', '2025-08-10 17:19:34', NULL, NULL, NULL, NULL),
(74, 11, 15, 'แนน พิชญพร', '2025-08-10', '17:20:00', '17:30:00', '0925597478', '', 'paid', 'payment_slips/1754821232_S__22888461_0.jpg', 'approved', '2025-08-10 17:20:21', '2025-08-10 17:21:22', NULL, NULL, NULL, NULL),
(75, 11, 7, 'แนน พิชญพร', '2025-08-10', '17:23:00', '17:40:00', '0925597478', '', 'paid', 'payment_slips/1754821392_S__22888461_0.jpg', 'approved', '2025-08-10 17:23:00', '2025-08-10 19:31:39', NULL, NULL, NULL, NULL),
(76, 11, 12, 'แนน พิชญพร', '2025-08-10', '17:30:00', '18:00:00', '0925597478', '', 'paid', 'payment_slips/1754821776_S__22888458_0.jpg', 'approved', '2025-08-10 17:29:27', '2025-08-10 19:31:34', NULL, NULL, NULL, NULL),
(77, 11, 13, 'แนน พิชญพร', '2025-08-10', '17:32:00', '18:00:00', '0925597478', '', 'paid', 'payment_slips/1754821860_S__22888464_0.jpg', 'approved', '2025-08-10 17:30:40', '2025-08-10 19:31:32', NULL, NULL, NULL, NULL),
(78, 11, 14, 'แนน พิชญพร', '2025-08-10', '17:45:00', '18:00:00', '0925597478', '', 'paid', 'payment_slips/1754822773_S__22888461_0.jpg', 'approved', '2025-08-10 17:46:03', '2025-08-10 19:31:29', NULL, NULL, NULL, NULL),
(79, 11, 9, 'แนน พิชญพร', '2025-08-10', '17:54:00', '18:10:00', '0925597478', '', 'paid', 'payment_slips/1754823242_S__22888461_0.jpg', 'approved', '2025-08-10 17:53:53', '2025-08-10 19:31:26', NULL, NULL, NULL, NULL),
(80, 11, 28, 'แนน พิชญพร', '2025-08-10', '17:49:00', '18:13:00', '0925597478', '', 'paid', 'payment_slips/1754823315_S__22888460_0.jpg', 'approved', '2025-08-10 17:55:06', '2025-08-10 19:31:23', NULL, NULL, NULL, NULL),
(81, 11, 37, 'แนน พิชญพร', '2025-08-10', '18:21:00', '18:51:00', '0925597478', '', 'paid', 'payment_slips/1754824878_S__22888464_0.jpg', 'approved', '2025-08-10 18:21:05', '2025-08-10 19:31:20', NULL, NULL, NULL, NULL),
(82, 11, 4, 'แนน พิชญพร', '2025-08-10', '18:27:00', '18:55:00', '0925597478', '', 'paid', 'payment_slips/1754825059_S__22888464_0.jpg', 'approved', '2025-08-10 18:24:10', '2025-08-10 19:31:17', NULL, NULL, NULL, NULL),
(83, 11, 14, 'แนน พิชญพร', '2025-08-10', '18:53:00', '19:10:00', '0925597478', '', 'paid', 'payment_slips/1754826741_S__22888460_0.jpg', 'approved', '2025-08-10 18:52:05', '2025-08-10 19:31:14', NULL, NULL, NULL, NULL),
(84, 11, 20, 'แนน พิชญพร', '2025-08-10', '19:02:00', '19:10:00', '0925597478', '', 'paid', 'payment_slips/1754827323_S__22888461_0.jpg', 'approved', '2025-08-10 19:01:52', '2025-08-10 19:31:11', NULL, NULL, NULL, NULL),
(85, 11, 21, 'แนน พิชญพร', '2025-08-10', '19:03:00', '19:18:00', '0925597478', '', 'paid', 'payment_slips/1754827395_S__22888461_0.jpg', 'approved', '2025-08-10 19:03:06', '2025-08-10 19:31:08', NULL, NULL, NULL, NULL),
(86, 11, 22, 'แนน พิชญพร', '2025-08-10', '19:15:00', '19:30:00', '0925597478', '', 'paid', 'payment_slips/1754828117_S__22888460_0.jpg', 'approved', '2025-08-10 19:15:06', '2025-08-10 19:30:53', NULL, NULL, NULL, NULL),
(87, 11, 2, 'แนน พิชญพร', '2025-08-10', '19:33:00', '19:59:00', '0925597478', '', 'paid', 'payment_slips/1754829238_S__22888463_0.jpg', 'approved', '2025-08-10 19:33:45', '2025-08-12 06:52:06', 'checked_in', '2025-08-10 19:34:46', NULL, NULL),
(88, 11, 1, 'แนน พิชญพร', '2025-08-10', '19:36:00', '19:55:00', '0925597478', '', '', 'payment_slips/1754829391_S__22888458_0.jpg', 'rejected', '2025-08-10 19:36:17', '2025-08-16 22:39:01', NULL, NULL, NULL, NULL),
(89, 11, 5, 'แนน พิชญพร', '2025-08-10', '19:45:00', '20:05:00', '0925597478', '', '', 'payment_slips/1754829912_S__22888460_0.jpg', 'rejected', '2025-08-10 19:45:02', '2025-08-16 22:38:58', NULL, NULL, NULL, NULL),
(90, 11, 14, 'แนน พิชญพร', '2025-08-10', '20:09:00', '20:19:00', '0925597478', '', '', 'payment_slips/1754831357_S__22888460_0.jpg', 'rejected', '2025-08-10 20:09:09', '2025-08-16 22:38:55', NULL, NULL, NULL, NULL),
(91, 11, 1, 'แนน พิชญพร', '2025-08-10', '20:04:00', '20:22:00', '0925597478', '', '', 'payment_slips/1754831517_S__22888462_0.jpg', 'rejected', '2025-08-10 20:11:47', '2025-08-16 22:38:52', NULL, NULL, NULL, NULL),
(92, 11, 22, 'แนน พิชญพร', '2025-08-10', '20:30:00', '20:40:00', '0925597478', '', '', 'payment_slips/1754832611_S__22888464_0.jpg', 'rejected', '2025-08-10 20:30:02', '2025-08-16 22:38:49', NULL, NULL, NULL, NULL),
(93, 11, 10, 'แนน พิชญพร', '2025-08-10', '20:40:00', '20:50:00', '0925597478', '', '', 'payment_slips/1754833180_S__22888464_0.jpg', 'rejected', '2025-08-10 20:39:23', '2025-08-16 22:38:45', NULL, NULL, NULL, NULL),
(94, 11, 26, 'แนน พิชญพร', '2025-08-10', '21:05:00', '21:16:00', '0925597478', '', 'paid', 'payment_slips/1754834709_S__22888460_0.jpg', 'approved', '2025-08-10 21:04:59', '2025-08-10 21:42:12', NULL, NULL, NULL, NULL),
(95, 11, 17, 'แนน พิชญพร', '2025-08-10', '21:17:00', '21:30:00', '0925597478', '', 'paid', 'payment_slips/1754835389_S__22888460_0.jpg', 'approved', '2025-08-10 21:16:17', '2025-08-12 06:52:06', 'checked_in', '2025-08-10 21:19:16', NULL, NULL),
(96, 11, 11, 'แนน พิชญพร', '2025-08-10', '21:18:00', '21:38:00', '0925597478', '', 'paid', 'payment_slips/1754835440_S__22888460_0.jpg', 'approved', '2025-08-10 21:17:12', '2025-08-12 06:52:06', 'checked_in', '2025-08-10 21:20:06', NULL, NULL),
(97, 11, 4, 'แนน พิชญพร', '2025-08-10', '21:33:00', '21:53:00', '0925597478', '', 'paid', 'payment_slips/1754836460_S__22888464_0.jpg', 'approved', '2025-08-10 21:34:10', '2025-08-12 06:52:06', 'checked_in', '2025-08-10 21:39:45', NULL, NULL),
(98, 11, 2, 'แนน พิชญพร', '2025-08-10', '21:48:00', '22:01:00', '0925597478', '', 'paid', 'payment_slips/1754837314_S__22888460_0.jpg', 'approved', '2025-08-10 21:48:25', '2025-08-12 06:52:06', 'checked_in', '2025-08-10 21:49:30', NULL, NULL),
(99, 11, 1, 'แนน พิชญพร', '2025-08-10', '22:30:00', '23:00:00', '0925597478', '', 'paid', 'payment_slips/1754839794_S__22888460_0.jpg', 'approved', '2025-08-10 22:29:40', '2025-08-12 06:52:06', 'checked_in', '2025-08-10 22:31:28', NULL, NULL),
(100, 11, 2, 'แนน พิชญพร', '2025-08-11', '19:30:00', '20:00:00', '0925597478', '', 'paid', 'payment_slips/1754915440_S__22888460_0.jpg', 'approved', '2025-08-11 19:30:18', '2025-08-12 06:52:06', 'checked_in', '2025-08-11 19:38:30', NULL, NULL),
(101, 11, 32, 'แนน พิชญพร', '2025-08-12', '01:18:00', '01:40:00', '0925597478', '', 'paid', 'payment_slips/1754936274_S__22888460_0.jpg', 'approved', '2025-08-12 01:17:42', '2025-08-12 06:52:06', 'checked_in', '2025-08-12 02:30:26', 'checked_out', '2025-08-12 02:30:26'),
(102, 11, 1, 'แนน พิชญพร', '2025-08-12', '01:45:00', '02:10:00', '0925597478', '', 'paid', 'payment_slips/1754937893_S__22888458_0.jpg', 'approved', '2025-08-12 01:44:43', '2025-08-12 06:52:06', 'checked_in', '2025-08-12 01:47:41', 'checked_out', '2025-08-12 01:47:41'),
(103, 11, 9, 'แนน พิชญพร', '2025-08-12', '01:52:00', '02:20:00', '0925597478', '', 'paid', 'payment_slips/1754938400_S__22888458_0.jpg', 'approved', '2025-08-12 01:53:08', '2025-08-12 06:52:06', 'checked_in', '2025-08-12 02:30:08', 'checked_out', '2025-08-12 02:30:08'),
(104, 11, 11, 'แนน พิชญพร', '2025-08-12', '01:55:00', '02:24:00', '0925597478', '', 'paid', 'payment_slips/1754938504_S__22888460_0.jpg', 'approved', '2025-08-12 01:54:54', '2025-08-12 06:52:06', 'checked_in', '2025-08-12 02:29:56', 'checked_out', '2025-08-12 02:29:56'),
(105, 11, 32, 'แนน พิชญพร', '2025-08-12', '02:53:00', '03:15:00', '0925597478', '', 'paid', 'payment_slips/1754941921_S__22888464_0.jpg', 'approved', '2025-08-12 02:51:52', '2025-08-12 06:52:06', 'checked_in', '2025-08-12 03:24:57', 'checked_out', '2025-08-12 03:24:57'),
(106, 11, 2, 'แนน พิชญพร', '2025-08-12', '03:24:00', '03:50:00', '0925597478', '', 'paid', 'payment_slips/1754943831_S__22888464_0.jpg', 'approved', '2025-08-12 03:23:41', '2025-08-12 06:52:06', 'checked_in', '2025-08-12 03:49:42', 'checked_out', '2025-08-12 03:49:42'),
(107, 11, 32, 'แนน พิชญพร', '2025-08-12', '03:36:00', '03:59:00', '0925597478', '', 'paid', 'payment_slips/1754944581_S__22888461_0.jpg', 'approved', '2025-08-12 03:36:11', '2025-08-12 06:52:06', 'checked_in', '2025-08-12 03:49:03', 'checked_out', '2025-08-12 03:49:03'),
(108, 11, 37, 'แนน พิชญพร', '2025-08-12', '03:52:00', '04:10:00', '0925597478', '', 'paid', 'payment_slips/1754945503_S__22888460_0.jpg', 'approved', '2025-08-12 03:51:31', '2025-08-12 06:52:06', 'checked_in', '2025-08-12 03:53:40', NULL, NULL),
(109, 11, 34, 'แนน พิชญพร', '2025-08-12', '05:18:00', '05:35:00', '0925597478', '', 'paid', 'payment_slips/1754950713_S__22888464_0.jpg', 'approved', '2025-08-12 05:18:22', '2025-08-12 06:52:06', 'checked_in', '2025-08-12 05:20:29', NULL, NULL),
(110, 11, 15, 'แนน พิชญพร', '2025-08-12', '05:22:00', '05:43:00', '0925597478', '', 'paid', 'payment_slips/1754951003_S__22888461_0.jpg', 'approved', '2025-08-12 05:23:08', '2025-08-12 06:52:06', 'checked_in', '2025-08-12 05:44:26', 'checked_out', '2025-08-12 05:44:26'),
(111, 11, 1, 'แนน พิชญพร', '2025-08-12', '05:46:00', '05:56:00', '0925597478', '', 'paid', 'payment_slips/1754952436_S__22888462_0.jpg', 'approved', '2025-08-12 05:47:06', '2025-08-12 06:52:06', 'checked_in', '2025-08-12 05:49:04', NULL, NULL),
(112, 11, 2, 'แนน พิชญพร', '2025-08-12', '06:10:00', '06:20:00', '0925597478', '', 'paid', 'payment_slips/1754953823_S__22888463_0.jpg', 'approved', '2025-08-12 06:10:13', '2025-08-12 06:52:06', 'checked_in', '2025-08-12 06:12:16', NULL, NULL),
(113, 11, 13, 'แนน พิชญพร', '2025-08-12', '06:26:00', '06:36:00', '0925597478', '', 'paid', 'payment_slips/1754954786_S__22888460_0.jpg', 'approved', '2025-08-12 06:26:18', '2025-08-12 07:05:53', NULL, NULL, NULL, NULL),
(114, 11, 7, 'แนน พิชญพร', '2025-08-12', '07:05:00', '07:20:00', '0925597478', '', 'paid', 'payment_slips/1754957020_S__22888464_0.jpg', 'approved', '2025-08-12 07:03:31', '2025-08-12 07:13:49', 'checked_in', NULL, NULL, NULL),
(115, 11, 32, 'แนน พิชญพร', '2025-08-12', '07:50:00', '08:15:00', '0925597478', '', 'paid', 'payment_slips/1754959792_S__22888462_0.jpg', 'approved', '2025-08-12 07:49:39', '2025-08-12 07:51:27', 'checked_in', '2025-08-12 07:51:27', NULL, NULL),
(116, 11, 6, 'แนน พิชญพร', '2025-08-12', '13:39:00', '13:55:00', '0925597478', '', 'paid', 'payment_slips/1754980778_S__22888460_0.jpg', 'approved', '2025-08-12 13:39:25', '2025-08-12 17:27:04', 'checked_in', '2025-08-12 13:42:13', 'checked_out', '2025-08-12 17:27:04'),
(117, 11, 2, 'แนน พิชญพร', '2025-08-12', '14:10:00', '14:20:00', '0925597478', '', '', 'payment_slips/1754982600_S__22888461_0.jpg', 'rejected', '2025-08-12 14:09:48', '2025-08-12 14:25:46', NULL, NULL, NULL, NULL),
(118, 11, 1, 'แนน พิชญพร', '2025-08-12', '14:26:00', '14:46:00', '0925597478', '', '', 'payment_slips/1754983589_S__22888460_0.jpg', 'rejected', '2025-08-12 14:26:20', '2025-08-16 22:38:42', NULL, NULL, NULL, NULL),
(119, 11, 14, 'แนน พิชญพร', '2025-08-12', '14:39:00', '14:59:00', '0925597478', '', 'pending', NULL, 'pending', '2025-08-12 14:40:06', '2025-08-12 14:40:06', NULL, NULL, NULL, NULL),
(120, 11, 6, 'แนน พิชญพร', '2025-08-12', '14:40:00', '14:50:00', '0925597478', '', '', 'payment_slips/1754984473_S__22888460_0.jpg', 'rejected', '2025-08-12 14:41:02', '2025-08-12 15:06:29', NULL, NULL, NULL, NULL),
(121, 11, 31, 'แนน พิชญพร', '2025-08-12', '15:08:00', '15:28:00', '0925597478', '', 'cancelled', NULL, 'pending', '2025-08-12 15:08:06', '2025-08-12 15:55:37', NULL, NULL, NULL, NULL),
(122, 11, 5, 'แนน พิชญพร', '2025-08-12', '15:55:00', '16:15:00', '0925597478', '', '', 'payment_slips/1754988970_S__22888460_0.jpg', 'rejected', '2025-08-12 15:55:59', '2025-08-16 22:38:39', NULL, NULL, NULL, NULL),
(123, 11, 9, 'แนน พิชญพร', '2025-08-12', '16:04:00', '16:20:00', '0925597478', '', 'paid', 'payment_slips/1754989519_S__22888460_0.jpg', 'approved', '2025-08-12 16:05:08', '2025-08-12 16:06:07', 'checked_in', '2025-08-12 16:06:07', NULL, NULL),
(124, 11, 1, 'แนน พิชญพร', '2025-08-12', '16:19:00', '16:40:00', '0925597478', '', 'paid', 'payment_slips/1754990330_S__22888464_0.jpg', 'approved', '2025-08-12 16:18:42', '2025-08-12 16:42:03', 'checked_in', '2025-08-12 16:37:14', 'checked_out', '2025-08-12 16:42:03'),
(125, 11, 2, 'แนน พิชญพร', '2025-08-12', '17:13:00', '17:33:00', '0925597478', '', 'paid', 'payment_slips/1754993653_S__22888460_0.jpg', 'approved', '2025-08-12 17:14:00', '2025-08-12 17:14:33', NULL, NULL, NULL, NULL),
(126, 11, 10, 'แนน พิชญพร', '2025-08-12', '17:43:00', '17:59:00', '0925597478', '', 'paid', 'payment_slips/1754995410_S__22888461_0.jpg', 'approved', '2025-08-12 17:43:16', '2025-08-12 18:00:11', 'checked_in', '2025-08-12 17:44:20', 'checked_out', '2025-08-12 18:00:11'),
(127, 11, 38, 'แนน พิชญพร', '2025-08-09', '18:38:00', '18:47:00', '0925597478', '', '', 'payment_slips/1755099648_S__22888460_0.jpg', 'rejected', '2025-08-12 18:37:51', '2025-08-16 22:38:35', NULL, NULL, NULL, NULL),
(128, 11, 2, 'แนน พิชญพร', '2025-08-12', '18:47:00', '18:59:00', '0925597478', '', 'paid', 'payment_slips/1754999309_S__22888460_0.jpg', 'approved', '2025-08-12 18:48:20', '2025-08-12 18:49:20', 'checked_in', '2025-08-12 18:49:20', NULL, NULL),
(129, 11, 2, 'แนน พิชญพร', '2025-08-12', '19:45:00', '20:00:00', '0925597478', '', 'paid', 'payment_slips/1755002761_S__22888460_0.jpg', 'approved', '2025-08-12 19:45:52', '2025-08-12 19:46:57', NULL, NULL, NULL, NULL),
(130, 11, 1, 'แนน พิชญพร', '2025-08-12', '20:00:00', '20:27:00', '0925597478', '', 'paid', 'payment_slips/1755004374_S__22888462_0.jpg', 'approved', '2025-08-12 20:12:40', '2025-08-12 20:13:30', NULL, NULL, NULL, NULL),
(131, 11, 2, 'แนน พิชญพร', '2025-08-13', '02:13:00', '02:26:00', '0925597478', '', 'paid', 'payment_slips/1755025969_S__22888462_0.jpg', 'approved', '2025-08-13 02:12:39', '2025-08-13 02:23:55', 'checked_in', '2025-08-13 02:13:54', 'checked_out', '2025-08-13 02:23:55'),
(132, 11, 37, 'แนน พิชญพร', '2025-08-13', '22:43:00', '23:05:00', '0925597478', '', 'paid', 'payment_slips/1755099843_S__22888463_0.jpg', 'approved', '2025-08-13 22:43:53', '2025-08-14 00:04:39', 'checked_in', '2025-08-13 22:44:56', 'checked_out', '2025-08-14 00:04:39'),
(133, 11, 9, 'แนน พิชญพร', '2025-08-14', '00:06:00', '00:26:00', '0925597478', '', 'paid', 'payment_slips/1755104730_S__22888461_0.jpg', 'approved', '2025-08-14 00:05:17', '2025-08-14 00:17:04', 'checked_in', '2025-08-14 00:09:33', 'checked_out', '2025-08-14 00:11:25'),
(134, 11, 1, 'แนน พิชญพร', '2025-08-14', '00:12:00', '00:33:00', '0925597478', '', 'paid', 'payment_slips/1755105207_S__22888460_0.jpg', 'approved', '2025-08-14 00:13:17', '2025-08-14 00:17:54', 'checked_in', '2025-08-14 00:17:54', NULL, NULL),
(135, 11, 5, 'แนน พิชญพร', '2025-08-14', '00:28:00', '00:47:00', '0925597478', '', 'paid', 'payment_slips/1755106082_S__22888461_0.jpg', 'approved', '2025-08-14 00:27:53', '2025-08-14 00:46:24', 'checked_in', '2025-08-14 00:29:01', 'checked_out', '2025-08-14 00:46:24'),
(136, 11, 6, 'แนน พิชญพร', '2025-08-14', '00:47:00', '01:07:00', '0925597478', '', 'paid', 'payment_slips/1755107270_S__22888458_0.jpg', 'approved', '2025-08-14 00:47:41', '2025-08-14 01:18:43', 'checked_in', '2025-08-14 00:51:54', 'checked_out', '2025-08-14 01:18:43'),
(137, 11, 1, 'แนน พิชญพร', '2025-08-14', '01:19:00', '01:39:00', '0925597478', '', 'paid', 'payment_slips/1755109156_S__22888463_0.jpg', 'approved', '2025-08-14 01:19:08', '2025-08-14 01:26:24', 'checked_in', '2025-08-14 01:21:16', 'checked_out', '2025-08-14 01:26:24'),
(138, 11, 7, 'แนน พิชญพร', '2025-08-14', '01:25:00', '01:40:00', '0925597478', '', 'paid', 'payment_slips/1755109513_S__22888460_0.jpg', 'approved', '2025-08-14 01:25:04', '2025-08-14 01:26:31', 'checked_in', '2025-08-14 01:26:31', NULL, NULL),
(139, 11, 2, 'แนน พิชญพร', '2025-08-14', '22:38:00', '23:00:00', '0925597478', '', 'paid', 'payment_slips/1755185890_S__22888460_0.jpg', 'approved', '2025-08-14 22:38:01', '2025-08-15 00:18:19', 'checked_in', '2025-08-14 22:39:12', 'checked_out', '2025-08-15 00:18:19'),
(140, 11, 13, 'แนน พิชญพร', '2025-08-15', '00:02:00', '00:16:00', '0925597478', '', 'paid', 'payment_slips/1755190894_S__22888458_0.jpg', 'approved', '2025-08-15 00:01:25', '2025-08-15 00:17:53', 'checked_in', '2025-08-15 00:02:47', 'checked_out', '2025-08-15 00:17:53'),
(141, 11, 25, 'แนน พิชญพร', '2025-08-15', '00:19:00', '00:32:00', '0925597478', '', 'paid', 'payment_slips/1755191941_S__22888462_0.jpg', 'approved', '2025-08-15 00:18:52', '2025-08-15 00:19:44', 'checked_in', '2025-08-15 00:19:44', NULL, NULL),
(142, 11, 1, 'แนน พิชญพร', '2025-08-15', '00:39:00', '00:55:00', '0925597478', '', 'paid', 'payment_slips/1755193121_S__22888460_0.jpg', 'approved', '2025-08-15 00:38:33', '2025-08-15 00:56:21', 'checked_in', '2025-08-15 00:39:16', 'checked_out', '2025-08-15 00:56:21'),
(143, 11, 8, 'แนน พิชญพร', '2025-08-15', '01:40:00', '01:53:00', '0925597478', '', 'paid', 'payment_slips/1755196864_S__22888464_0.jpg', 'approved', '2025-08-15 01:40:55', '2025-08-15 01:44:00', 'checked_in', '2025-08-15 01:41:42', 'checked_out', '2025-08-15 01:44:00'),
(144, 11, 2, 'แนน พิชญพร', '2025-08-15', '21:47:00', '22:00:00', '0925597478', '', 'paid', 'payment_slips/1755269221_S__22888460_0.jpg', 'approved', '2025-08-15 21:46:52', '2025-08-15 23:09:02', 'checked_in', '2025-08-15 21:47:37', 'checked_out', '2025-08-15 23:09:02'),
(145, 11, 26, 'แนน พิชญพร', '2025-08-15', '23:16:00', '23:30:00', '0925597478', '', 'paid', 'payment_slips/1755274560_S__22888464_0.jpg', 'approved', '2025-08-15 23:15:52', '2025-08-15 23:17:12', 'checked_in', '2025-08-15 23:17:12', NULL, NULL),
(146, 11, 2, 'แนน พิชญพร', '2025-08-15', '23:20:00', '23:32:00', '0925597478', '', 'paid', 'payment_slips/1755274826_S__22888460_0.jpg', 'approved', '2025-08-15 23:20:19', '2025-08-15 23:23:20', 'checked_in', '2025-08-15 23:21:31', 'checked_out', '2025-08-15 23:23:20'),
(147, 11, 1, 'แนน พิชญพร', '2025-08-15', '23:25:00', '23:39:00', '0925597478', '', 'paid', 'payment_slips/1755275073_S__22888462_0.jpg', 'approved', '2025-08-15 23:24:22', '2025-08-15 23:26:07', 'checked_in', '2025-08-15 23:26:07', NULL, NULL),
(148, 11, 2, 'แนน พิชญพร', '2025-08-15', '23:41:00', '23:59:00', '0925597478', '', 'paid', 'payment_slips/1755276090_S__22888462_0.jpg', 'approved', '2025-08-15 23:41:23', '2025-08-15 23:41:51', NULL, NULL, NULL, NULL),
(149, 11, 8, 'แนน พิชญพร', '2025-08-15', '23:47:00', '23:59:00', '0925597478', '', 'paid', 'payment_slips/1755276402_S__22888460_0.jpg', 'approved', '2025-08-15 23:46:34', '2025-08-15 23:48:36', NULL, NULL, NULL, NULL),
(150, 11, 12, 'แนน พิชญพร', '2025-08-16', '00:01:00', '00:13:00', '0925597478', '', 'paid', 'payment_slips/1755277200_S__22888458_0.jpg', 'approved', '2025-08-15 23:59:52', '2025-08-16 00:08:36', 'checked_in', '2025-08-16 00:00:43', 'checked_out', '2025-08-16 00:08:36'),
(151, 11, 38, 'แนน พิชญพร', '2025-08-16', '23:26:00', '23:46:00', '0925597478', '', 'paid', 'payment_slips/1755361610_S__22888458_0.jpg', 'approved', '2025-08-16 23:26:40', '2025-08-17 00:03:15', 'checked_in', '2025-08-16 23:27:41', 'checked_out', '2025-08-17 00:03:15'),
(152, 11, 2, 'แนน พิชญพร', '2025-08-16', '23:51:00', '23:59:00', '0925597478', '', 'paid', 'payment_slips/1755363132_S__22888462_0.jpg', 'approved', '2025-08-16 23:52:03', '2025-08-17 00:02:57', 'checked_in', '2025-08-16 23:52:56', 'checked_out', '2025-08-17 00:02:57'),
(153, 11, 2, 'แนน พิชญพร', '2025-08-17', '00:03:00', '00:16:00', '0925597478', '', 'paid', 'payment_slips/1755363839_S__22888464_0.jpg', 'approved', '2025-08-17 00:03:48', '2025-08-17 00:04:45', 'checked_in', '2025-08-17 00:04:45', NULL, NULL),
(154, 11, 6, 'แนน พิชญพร', '2025-08-17', '00:47:00', '01:00:00', '0925597478', '', 'paid', 'payment_slips/1755366430_S__22888460_0.jpg', 'approved', '2025-08-17 00:47:00', '2025-08-17 00:56:04', 'checked_in', '2025-08-17 00:47:49', 'checked_out', '2025-08-17 00:56:04'),
(155, 11, 11, 'แนน พิชญพร', '2025-08-17', '01:10:00', '01:22:00', '0925597478', '', 'paid', 'payment_slips/1755367799_S__22888460_0.jpg', 'approved', '2025-08-17 01:09:49', '2025-08-17 01:16:00', NULL, NULL, 'checked_out', '2025-08-17 01:16:00'),
(156, 11, 5, 'แนน พิชญพร', '2025-08-17', '01:16:00', '01:28:00', '0925597478', '', 'paid', 'payment_slips/1755368195_S__22888460_0.jpg', 'approved', '2025-08-17 01:16:27', '2025-08-17 01:22:06', 'checked_in', '2025-08-17 01:17:06', 'checked_out', '2025-08-17 01:22:06'),
(157, 11, 13, 'แนน พิชญพร', '2025-08-17', '01:23:00', '01:34:00', '0925597478', '', 'paid', 'payment_slips/1755368566_S__22888464_0.jpg', 'approved', '2025-08-17 01:22:38', '2025-08-17 01:32:18', 'checked_in', '2025-08-17 01:24:02', 'checked_out', '2025-08-17 01:32:18'),
(158, 11, 1, 'แนน พิชญพร', '2025-08-17', '01:24:00', '01:30:00', '0925597478', '', 'paid', 'payment_slips/1755368706_S__22888462_0.jpg', 'approved', '2025-08-17 01:24:58', '2025-08-17 01:26:10', 'checked_in', '2025-08-17 01:25:33', 'checked_out', '2025-08-17 01:26:10'),
(159, 11, 3, 'แนน พิชญพร', '2025-08-17', '01:26:00', '01:42:00', '0925597478', '', 'paid', 'payment_slips/1755368822_S__22888461_0.jpg', 'approved', '2025-08-17 01:26:54', '2025-08-17 01:32:24', 'checked_in', '2025-08-17 01:27:30', 'checked_out', '2025-08-17 01:32:24'),
(160, 11, 9, 'แนน พิชญพร', '2025-08-17', '01:53:00', '02:06:00', '0925597478', '', 'paid', 'payment_slips/1755370359_S__22888460_0.jpg', 'approved', '2025-08-17 01:52:31', '2025-08-17 02:36:37', 'checked_in', '2025-08-17 01:53:19', 'checked_out', '2025-08-17 02:36:37'),
(161, 11, 3, 'แนน พิชญพร', '2025-08-17', '02:12:00', '02:25:00', '0925597478', '', 'paid', 'payment_slips/1755371488_S__22888464_0.jpg', 'approved', '2025-08-17 02:11:20', '2025-08-17 02:16:30', 'checked_in', '2025-08-17 02:16:30', NULL, NULL),
(162, 11, 6, 'แนน พิชญพร', '2025-08-17', '02:25:00', '02:37:00', '0925597478', '', 'paid', 'payment_slips/1755372373_S__22888462_0.jpg', 'approved', '2025-08-17 02:26:04', '2025-08-17 02:36:18', NULL, NULL, 'checked_out', '2025-08-17 02:36:18'),
(163, 11, 11, 'แนน พิชญพร', '2025-08-17', '02:29:00', '02:39:00', '0925597478', '', 'paid', 'payment_slips/1755372615_S__22888462_0.jpg', 'approved', '2025-08-17 02:30:06', '2025-08-17 02:37:01', NULL, NULL, 'checked_out', '2025-08-17 02:37:01'),
(164, 11, 2, 'แนน พิชญพร', '2025-08-17', '02:34:00', '02:44:00', '0925597478', '', 'paid', 'payment_slips/1755372894_S__22888460_0.jpg', 'approved', '2025-08-17 02:34:45', '2025-08-17 02:35:19', NULL, NULL, NULL, NULL),
(165, 11, 21, 'แนน พิชญพร', '2025-08-17', '02:39:00', '02:49:00', '0925597478', '', 'paid', 'payment_slips/1755373210_S__22888461_0.jpg', 'approved', '2025-08-17 02:40:01', '2025-08-17 20:59:41', 'checked_in', '2025-08-17 02:42:10', 'checked_out', '2025-08-17 20:59:41'),
(166, 11, 8, 'แนน พิชญพร', '2025-08-17', '02:43:00', '03:00:00', '0925597478', '', 'paid', 'payment_slips/1755373437_S__22888462_0.jpg', 'approved', '2025-08-17 02:43:48', '2025-08-17 02:44:07', NULL, NULL, NULL, NULL),
(167, 11, 5, 'แนน พิชญพร', '2025-08-17', '20:56:00', '21:10:00', '0925597478', '', 'paid', 'payment_slips/1755438938_S__22888462_0.jpg', 'approved', '2025-08-17 20:55:24', '2025-08-17 20:56:01', NULL, NULL, NULL, NULL),
(168, 11, 3, 'แนน พิชญพร', '2025-08-17', '20:57:00', '21:14:00', '0925597478', '', 'paid', 'payment_slips/1755439088_S__22888460_0.jpg', 'approved', '2025-08-17 20:57:57', '2025-08-17 21:39:53', NULL, NULL, 'checked_out', '2025-08-17 21:39:53'),
(169, 11, 26, 'แนน พิชญพร', '2025-08-17', '21:00:00', '21:15:00', '0925597478', '', 'paid', 'payment_slips/1755439268_S__22888462_0.jpg', 'approved', '2025-08-17 21:00:58', '2025-08-17 21:38:28', 'checked_in', '2025-08-17 21:02:20', 'checked_out', '2025-08-17 21:38:28'),
(170, 11, 10, 'แนน พิชญพร', '2025-08-17', '21:37:00', '21:50:00', '0925597478', '', 'paid', 'payment_slips/1755441453_S__22888464_0.jpg', 'approved', '2025-08-17 21:37:25', '2025-08-17 21:49:56', 'checked_in', '2025-08-17 21:38:11', 'checked_out', '2025-08-17 21:49:56'),
(171, 11, 11, 'แนน พิชญพร', '2025-08-17', '21:41:00', '21:54:00', '0925597478', '', 'paid', 'payment_slips/1755441698_S__22888463_0.jpg', 'approved', '2025-08-17 21:41:17', '2025-08-17 22:00:42', 'checked_in', '2025-08-17 21:42:23', 'checked_out', '2025-08-17 22:00:42'),
(172, 11, 7, 'แนน พิชญพร', '2025-08-17', '22:00:00', '22:13:00', '0925597478', '', 'paid', 'payment_slips/1755442797_S__22888460_0.jpg', 'approved', '2025-08-17 21:59:50', '2025-08-17 22:13:43', 'checked_in', '2025-08-17 22:01:25', 'checked_out', '2025-08-17 22:13:43'),
(173, 11, 11, 'แนน พิชญพร', '2025-08-17', '22:02:00', '22:15:00', '0925597478', '', 'paid', 'payment_slips/1755442966_S__22888460_0.jpg', 'approved', '2025-08-17 22:02:35', '2025-08-17 22:04:40', NULL, NULL, 'checked_out', '2025-08-17 22:04:40'),
(174, 11, 12, 'แนน พิชญพร', '2025-08-17', '22:05:00', '22:30:00', '0925597478', '', 'paid', 'payment_slips/1755443130_S__22888464_0.jpg', 'approved', '2025-08-17 22:05:22', '2025-08-17 22:06:37', 'checked_in', '2025-08-17 22:06:37', NULL, NULL),
(175, 11, 12, 'แนน พิชญพร', '2025-08-17', '22:36:00', '22:49:00', '0925597478', '', 'pending', NULL, 'pending', '2025-08-17 22:35:15', '2025-08-17 22:35:15', NULL, NULL, NULL, NULL),
(176, 11, 2, 'แนน พิชญพร', '2025-08-18', '17:40:00', '17:51:00', '0925597478', '', 'paid', 'payment_slips/1755513616_S__22888460_0.jpg', 'approved', '2025-08-18 17:40:08', '2025-08-18 17:43:19', 'checked_in', '2025-08-18 17:41:09', 'checked_out', '2025-08-18 17:43:19'),
(177, 11, 1, 'แนน พิชญพร', '2025-08-17', '17:41:00', '17:55:00', '0925597478', '', 'paid', 'payment_slips/1755513710_S__22888464_0.jpg', 'approved', '2025-08-18 17:41:42', '2025-08-18 17:42:02', NULL, NULL, NULL, NULL),
(178, 11, 1, 'แนน พิชญพร', '2025-08-18', '17:45:00', '17:59:00', '0925597478', '', 'paid', 'payment_slips/1755513947_S__22888460_0.jpg', 'approved', '2025-08-18 17:45:39', '2025-08-18 17:49:02', 'checked_in', '2025-08-18 17:49:02', NULL, NULL),
(179, 11, 14, 'แนน พิชญพร', '2025-08-18', '17:48:00', '18:02:00', '0925597478', '', 'paid', 'payment_slips/1755514093_S__22888464_0.jpg', 'approved', '2025-08-18 17:48:06', '2025-08-18 17:48:56', 'checked_in', '2025-08-18 17:48:56', NULL, NULL),
(180, 11, 3, 'แนน พิชญพร', '2025-08-18', '18:45:00', '18:57:00', '0925597478', '', 'paid', 'payment_slips/1755517519_S__22888464_0.jpg', 'approved', '2025-08-18 18:45:11', '2025-08-18 23:19:17', 'checked_in', '2025-08-18 18:45:50', 'checked_out', '2025-08-18 23:19:17'),
(181, 11, 4, 'แนน พิชญพร', '2025-08-18', '18:47:00', '19:07:00', '0925597478', '', 'paid', 'payment_slips/1755517617_S__22888464_0.jpg', 'approved', '2025-08-18 18:46:50', '2025-08-18 23:19:29', NULL, NULL, 'checked_out', '2025-08-18 23:19:29'),
(182, 11, 3, 'แนน พิชญพร', '2025-08-18', '21:44:00', '22:00:00', '0925597478', '', 'paid', 'payment_slips/1755528316_S__22888460_0.jpg', 'approved', '2025-08-18 21:44:56', '2025-08-18 23:19:44', NULL, NULL, 'checked_out', '2025-08-18 23:19:44'),
(183, 11, 32, 'แนน พิชญพร', '2025-08-18', '21:48:00', '22:00:00', '0925597478', '', 'paid', 'payment_slips/1755528550_S__22888464_0.jpg', 'approved', '2025-08-18 21:49:02', '2025-08-18 21:54:34', 'checked_in', '2025-08-18 21:49:57', 'checked_out', '2025-08-18 21:54:34'),
(184, 11, 1, 'แนน พิชญพร', '2025-08-18', '22:08:00', '22:20:00', '0925597478', '', 'paid', 'payment_slips/1755529756_S__22888464_0.jpg', 'approved', '2025-08-18 22:09:08', '2025-08-18 23:19:57', NULL, NULL, 'checked_out', '2025-08-18 23:19:57'),
(185, 11, 25, 'แนน พิชญพร', '2025-08-18', '22:16:00', '22:30:00', '0925597478', '', 'paid', 'payment_slips/1755530170_S__22888458_0.jpg', 'approved', '2025-08-18 22:16:02', '2025-08-18 22:30:21', 'checked_in', '2025-08-18 22:16:31', 'checked_out', '2025-08-18 22:30:21'),
(186, 11, 12, 'แนน พิชญพร', '2025-08-18', '22:59:00', '23:15:00', '0925597478', '', 'paid', 'payment_slips/1755532767_S__22888462_0.jpg', 'approved', '2025-08-18 22:59:19', '2025-08-18 23:20:12', 'checked_in', '2025-08-18 23:11:16', 'checked_out', '2025-08-18 23:20:12'),
(187, 11, 2, 'แนน พิชญพร', '2025-08-18', '23:20:00', '23:32:00', '0925597478', '', 'paid', 'payment_slips/1755534047_S__22888464_0.jpg', 'approved', '2025-08-18 23:20:39', '2025-08-18 23:21:17', NULL, NULL, NULL, NULL),
(188, 11, 9, 'แนน พิชญพร', '2025-08-19', '00:06:00', '00:18:00', '0925597478', '', '', 'payment_slips/1755536750_S__22888462_0.jpg', 'pending', '2025-08-19 00:05:42', '2025-08-19 00:05:50', NULL, NULL, NULL, NULL),
(189, 11, 11, 'แนน พิชญพร', '2025-08-19', '00:16:00', '00:28:00', '0925597478', '', '', 'payment_slips/1755537365_S__22888462_0.jpg', 'pending', '2025-08-19 00:15:58', '2025-08-19 00:16:05', NULL, NULL, NULL, NULL),
(190, 11, 7, 'แนน พิชญพร', '2025-08-19', '00:26:00', '00:38:00', '0925597478', '', 'paid', 'payment_slips/1755537928_S__22888464_0.jpg', 'approved', '2025-08-19 00:25:20', '2025-08-23 23:38:46', NULL, NULL, NULL, NULL),
(191, 11, 2, 'แนน พิชญพร', '2025-08-23', '22:34:00', '22:54:00', '0925597478', '', 'paid', 'payment_slips/1755963521_S__22888461_0.jpg', 'approved', '2025-08-23 22:33:40', '2025-08-23 22:39:04', NULL, NULL, NULL, NULL),
(192, 11, 1, 'แนน พิชญพร', '2025-08-23', '22:55:00', '23:15:00', '0925597478', '', 'paid', 'payment_slips/1755964510_S__22888460_0.jpg', 'approved', '2025-08-23 22:55:01', '2025-08-23 22:55:58', 'checked_in', '2025-08-23 22:55:58', NULL, NULL),
(193, 11, 3, 'แนน พิชญพร', '2025-08-23', '22:59:00', '23:19:00', '0925597478', '', 'paid', 'payment_slips/1755964746_S__22888458_0.jpg', 'approved', '2025-08-23 22:58:58', '2025-08-24 00:07:00', NULL, NULL, 'checked_out', '2025-08-24 00:07:00'),
(194, 11, 1, 'แนน พิชญพร', '2025-08-23', '23:32:00', '23:00:00', '0925597478', '', 'paid', 'payment_slips/1755966758_S__22888462_0.jpg', 'approved', '2025-08-23 23:32:22', '2025-08-24 00:06:45', NULL, NULL, 'checked_out', '2025-08-24 00:06:45'),
(195, 11, 14, 'แนน พิชญพร', '2025-08-23', '23:37:00', '23:57:00', '0925597478', '', 'paid', 'payment_slips/1755967089_S__22888462_0.jpg', 'approved', '2025-08-23 23:37:54', '2025-08-24 00:06:36', 'checked_in', '2025-08-23 23:39:45', 'checked_out', '2025-08-24 00:06:36'),
(196, 11, 1, 'แนน พิชญพร', '2025-08-24', '00:07:00', '00:20:00', '0925597478', '', '', 'payment_slips/1755969125_S__22888460_0.jpg', 'pending', '2025-08-24 00:07:38', '2025-08-24 00:28:18', 'checked_in', '2025-08-24 00:08:41', 'checked_out', '2025-08-24 00:28:18'),
(197, 11, 30, 'แนน พิชญพร', '2025-08-24', '00:17:00', '00:31:00', '0925597478', '', '', 'payment_slips/1755970072_S__22888460_0.jpg', 'pending', '2025-08-24 00:17:19', '2025-08-24 01:23:04', NULL, NULL, 'checked_out', '2025-08-24 01:23:04'),
(198, 11, 14, 'แนน พิชญพร', '2025-08-24', '00:50:00', '01:20:00', '0925597478', '', '', 'payment_slips/1755971422_S__22888461_0.jpg', 'pending', '2025-08-24 00:50:13', '2025-08-24 01:23:13', NULL, NULL, 'checked_out', '2025-08-24 01:23:13'),
(199, 11, 7, 'แนน พิชญพร', '2025-08-24', '01:17:00', '01:30:00', '0925597478', '', 'paid', 'payment_slips/1755973508_S__22888461_0.jpg', 'approved', '2025-08-24 01:17:54', '2025-08-24 01:26:51', 'checked_in', '2025-08-24 01:22:51', NULL, NULL),
(200, 11, 4, 'แนน พิชญพร', '2025-08-24', '01:23:00', '01:36:00', '0925597478', '', 'paid', 'payment_slips/1755973434_S__22888458_0.jpg', 'approved', '2025-08-24 01:23:46', '2025-08-24 01:35:50', 'checked_in', '2025-08-24 01:27:06', 'checked_out', '2025-08-24 01:35:50'),
(201, 11, 2, 'แนน พิชญพร', '2025-08-24', '01:36:00', '01:48:00', '0925597478', '', '', 'payment_slips/1755974731_S__22888464_0.jpg', 'rejected', '2025-08-24 01:38:01', '2025-08-24 03:14:10', 'checked_in', '2025-08-24 01:38:35', NULL, NULL),
(202, 11, 2, 'แนน พิชญพร', '2025-08-24', '03:05:00', '03:20:00', '0925597478', '', 'paid', 'payment_slips/1755979478_S__22888461_0.jpg', 'approved', '2025-08-24 03:04:28', '2025-08-24 03:12:43', NULL, NULL, NULL, NULL),
(203, 11, 1, 'แนน พิชญพร', '2025-08-24', '12:10:00', '12:25:00', '0925597478', '', 'paid', 'payment_slips/1756012249_S__22888460_0.jpg', 'approved', '2025-08-24 12:10:42', '2025-08-24 12:24:47', 'checked_in', '2025-08-24 12:12:00', 'checked_out', '2025-08-24 12:24:47'),
(204, 11, 1, 'แนน พิชญพร', '2025-08-24', '12:25:00', '12:40:00', NULL, NULL, 'paid', NULL, 'approved', '2025-08-24 12:12:21', '2025-08-24 12:12:21', 'checked_in', NULL, NULL, NULL),
(205, 11, 1, 'แนน พิชญพร', '2025-08-24', '16:46:00', '17:10:00', '0925597478', '', 'paid', 'payment_slips/1756028813_S__22888460_0.jpg', 'approved', '2025-08-24 16:46:43', '2025-08-24 17:07:56', NULL, NULL, 'checked_out', '2025-08-24 17:07:56'),
(206, 11, 2, 'แนน พิชญพร', '2025-08-24', '17:08:00', '17:28:00', '0925597478', '', 'paid', 'payment_slips/1756030137_S__22888462_0.jpg', 'approved', '2025-08-24 17:08:49', '2025-08-24 20:51:00', NULL, NULL, 'checked_out', '2025-08-24 20:51:00'),
(207, 11, 1, 'แนน พิชญพร', '2025-08-24', '18:42:00', '19:00:00', '0925597478', '', 'paid', 'payment_slips/1756035792_S__22888461_0.jpg', 'approved', '2025-08-24 18:43:03', '2025-08-24 20:51:10', NULL, NULL, 'checked_out', '2025-08-24 20:51:10'),
(208, 11, 31, 'แนน พิชญพร', '2025-08-24', '20:24:00', '20:37:00', '0925597478', '', 'paid', 'payment_slips/1756041882_S__22888460_0.jpg', 'approved', '2025-08-24 20:24:33', '2025-08-24 20:51:21', 'checked_in', '2025-08-24 20:25:41', 'checked_out', '2025-08-24 20:51:21'),
(209, 11, 1, 'แนน พิชญพร', '2025-08-24', '20:51:00', '21:15:00', '0925597478', '', 'paid', 'payment_slips/1756043521_S__22888462_0.jpg', 'approved', '2025-08-24 20:51:50', '2025-08-24 20:52:19', NULL, NULL, NULL, NULL),
(210, 11, 1, 'แนน พิชญพร', '2025-08-24', '21:55:00', '22:20:00', '0925597478', '', 'paid', 'payment_slips/1756047383_S__22888462_0.jpg', 'approved', '2025-08-24 21:56:11', '2025-08-24 22:09:52', 'checked_in', '2025-08-24 22:09:42', 'checked_out', '2025-08-24 22:09:52'),
(211, 11, 18, 'แนน พิชญพร', '2025-08-24', '22:11:00', '22:25:00', '0925597478', '', 'paid', 'payment_slips/1756048239_S__22888460_0.jpg', 'approved', '2025-08-24 22:10:30', '2025-08-24 22:31:02', 'checked_in', '2025-08-24 22:11:24', 'checked_out', '2025-08-24 22:31:02'),
(212, 11, 2, 'แนน พิชญพร', '2025-08-24', '22:31:00', '22:45:00', '0925597478', '', 'paid', 'payment_slips/1756049505_S__22888461_0.jpg', 'approved', '2025-08-24 22:31:34', '2025-08-24 22:43:13', NULL, NULL, 'checked_out', '2025-08-24 22:43:13'),
(213, 11, 1, 'แนน พิชญพร', '2025-08-24', '22:45:00', '23:05:00', '0925597478', '', 'paid', 'payment_slips/1756050324_S__22888461_0.jpg', 'approved', '2025-08-24 22:45:15', '2025-08-24 22:45:35', NULL, NULL, NULL, NULL),
(214, 11, 23, 'แนน พิชญพร', '2025-08-24', '22:46:00', '23:10:00', '0925597478', '', 'paid', 'payment_slips/1756050423_S__22888462_0.jpg', 'approved', '2025-08-24 22:46:55', '2025-08-24 22:47:48', 'checked_in', '2025-08-24 22:47:48', NULL, NULL),
(215, 11, 36, 'แนน พิชญพร', '2025-08-24', '22:48:00', '23:20:00', '0925597478', '', 'paid', 'payment_slips/1756050519_S__22888461_0.jpg', 'approved', '2025-08-24 22:48:31', '2025-08-24 22:49:13', 'checked_in', '2025-08-24 22:49:13', NULL, NULL),
(216, 11, 1, 'แนน พิชญพร', '2025-09-16', '01:48:00', '02:32:00', '0925597478', '', 'paid', 'payment_slips/1757962135_S__22888458_0.jpg', 'approved', '2025-09-16 01:48:32', '2025-09-16 01:50:30', 'checked_in', '2025-09-16 01:50:30', NULL, NULL),
(217, 11, 2, 'แนน พิชญพร', '2025-09-16', '01:52:00', '02:07:00', '0925597478', '', 'paid', 'payment_slips/1757962370_S__22888463_0.jpg', 'approved', '2025-09-16 01:52:31', '2025-09-16 01:53:32', 'checked_in', '2025-09-16 01:53:32', NULL, NULL),
(218, 11, 14, 'แนน พิชญพร', '2025-09-16', '22:22:00', '22:36:00', '0925597478', '', '', 'payment_slips/1758036207_S__22888462_0.jpg', 'pending', '2025-09-16 22:23:14', '2025-09-16 22:23:27', NULL, NULL, NULL, NULL);

-- --------------------------------------------------------

--
-- Table structure for table `desks`
--

CREATE TABLE `desks` (
  `desk_id` int(11) NOT NULL,
  `image` varchar(255) NOT NULL,
  `desk_name` varchar(50) NOT NULL,
  `areas` varchar(100) NOT NULL,
  `pos_top` int(11) NOT NULL,
  `pos_left` int(11) NOT NULL,
  `status` enum('available','unavailable','reserved') DEFAULT 'available',
  `current_user_id` int(11) DEFAULT NULL,
  `end_time` datetime DEFAULT NULL,
  `description` text DEFAULT NULL,
  `price_per_hour` decimal(10,2) DEFAULT 0.00
) ENGINE=InnoDB DEFAULT CHARSET=utf8mb4 COLLATE=utf8mb4_general_ci;

--
-- Dumping data for table `desks`
--

INSERT INTO `desks` (`desk_id`, `image`, `desk_name`, `areas`, `pos_top`, `pos_left`, `status`, `current_user_id`, `end_time`, `description`, `price_per_hour`) VALUES
(1, 'desk1.jpg', 'A1', 'ชั้น 1', 140, 415, '', NULL, NULL, 'A1 ห้องประชุมสำหรับ 5-10 ท่าน\r\nราคา 750/ชม.\r\nบริการ\r\n- โปรเจคเตอร์ครบชุด+สายเชื่อมต่อ\r\n- ปลั๊กเสียบ, ช่อง USB, USB C\r\n- WIFI\r\n- น้ำดื่ม 10 ขวด', 750.00),
(2, 'desk2.jpg', 'A2', 'ชั้น 1', 360, 415, '', NULL, NULL, 'A2 ห้องประชุมสำหรับ 5-10 ท่าน\r\nราคา 750/ชม.\r\nบริการ\r\n- โปรเจคเตอร์ครบชุด+สายเชื่อมต่อ\r\n- ปลั๊กเสียบ, ช่อง USB, USB C\r\n- WIFI\r\n- น้ำดื่ม 10 ขวด', 750.00),
(3, 'desk3.jpg', 'A3', 'ชั้น 1', 129, 87, 'reserved', NULL, NULL, 'บริการ\r\n- ปลั๊กไฟ และช่องเสียบ USB\r\n- WIFI\r\n- นาฬิกา\r\n- กาแฟ ฟรี 1 แก้ว', 100.00),
(4, 'desk4.jpg', 'A4', 'ชั้น 1', 208, 87, '', NULL, NULL, 'โต๊ะทั่วไป สำหรับ 1 ท่าน\r\nเป็นส่วนตัว\r\nราคา 100 บาท/ชม.\r\nบริการ\r\n- ปลั๊กเสียบ, ช่อง USB, USB C\r\n- WIFI', 100.00),
(5, 'desk5.jpg', 'A5', 'ชั้น 1', 290, 87, 'reserved', NULL, NULL, 'โต๊ะทั่วไป สำหรับ 1 ท่าน\r\nราคา 100 บาท/ชม.\r\nบริการ\r\n- ปลั๊กเสียบ, ช่อง USB, USB C\r\n- WIFI\r\n', 100.00),
(6, 'desk6.jpg', 'A6', 'ชั้น 1', 367, 87, 'reserved', NULL, NULL, 'โต๊ะทั่วไป (ไม่มี PC)\r\nบริการ\r\n- ปลั๊กเสียบ, ช่อง USB, USB C\r\n- WIFI\r\n', 100.00),
(7, 'desk7.jpg', 'A7', 'ชั้น 1', 156, 187, 'reserved', NULL, NULL, 'A7 โต๊ะPC สำหรับ 1 ท่าน\r\nโซนมีฉากกั้น เป็นส่วนตัว\r\nบริการ\r\n- คอมพิวเตอร์ PC\r\n- ปลั๊กเสียบ, ช่อง USB, USB C\r\n- WIFI\r\n- กาแฟ ฟรี 1 แก้ว', 200.00),
(8, 'desk8.jpg', 'A8', 'ชั้น 1', 236, 188, 'reserved', NULL, NULL, 'โต๊ะทำงานพร้อมคอมพิวเตอร์ \r\nสำหรับ 1 ท่าน\r\nโซนมีฉากกั้น เป็นส่วนตัว\r\n\r\nบริการ\r\n- คอมพิวเตอร์ PC\r\n- ปลั๊กเสียบ, ช่อง USB, USB C\r\n- WIFI\r\n- กาแฟ ฟรี 1 แก้ว\r\n\r\n', 200.00),
(9, 'desk9.jpg', 'A9', 'ชั้น 1', 316, 188, '', NULL, NULL, 'A9 โต๊ะทำงานพร้อมคอมพิวเตอร์ \r\nสำหรับ 1 ท่าน\r\nโซนมีฉากกั้น เป็นส่วนตัว\r\n\r\nบริการ\r\n- คอมพิวเตอร์ PC\r\n- ปลั๊กเสียบ, ช่อง USB, USB C\r\n- WIFI\r\n- กาแฟ ฟรี 1 แก้ว', 200.00),
(10, 'desk10.jpg', 'A10', 'ชั้น 1', 396, 188, 'available', NULL, NULL, 'A10 โต๊ะทำงานพร้อมคอมพิวเตอร์ \r\nสำหรับ 1 ท่าน\r\nโซนมีฉากกั้น เป็นส่วนตัว\r\n\r\nบริการ\r\n- คอมพิวเตอร์ PC\r\n- ปลั๊กเสียบ, ช่อง USB, USB C\r\n- WIFI\r\n- กาแฟ ฟรี 1 แก้ว', 200.00),
(11, 'desk11.jpg', 'A11', 'ชั้น 1', 112, 223, 'reserved', NULL, NULL, 'โต๊ะทำงานพร้อมคอมพิวเตอร์ \r\nสำหรับ 1 ท่าน\r\nโซนมีฉากกั้น เป็นส่วนตัว\r\nราคา 200 บาท/ชม.\r\n\r\nบริการ\r\n- คอมพิวเตอร์ PC\r\n- ปลั๊กเสียบ, ช่อง USB, USB C\r\n- WIFI\r\n- กาแฟ ฟรี 1 แก้ว', 200.00),
(12, 'desk12.jpg', 'A12', 'ชั้น 1', 192, 223, '', NULL, NULL, 'A12 โต๊ะทำงานพร้อมคอมพิวเตอร์ PC\r\nสำหรับ 1 ท่าน\r\nโซนฉากกั้น เป็นส่วนตัว\r\nราคา 200 บาท/ชม.\r\n\r\nบริการ\r\n- คอมพิวเตอร์ PC\r\n- ปลั๊กเสียบ, ช่อง USB, USB C\r\n- WIFI\r\n- กาแฟ ฟรี 1 แก้ว', 200.00),
(13, 'desk13.jpg', 'A13', 'ชั้น 1', 271, 223, '', NULL, NULL, 'A13 โต๊ะทำงานพร้อมคอมพิวเตอร์ \r\nสำหรับ 1 ท่าน\r\nโซนมีฉากกั้น เป็นส่วนตัว\r\nราคา 200 บาท/ชม.\r\n\r\nบริการ\r\n- คอมพิวเตอร์ PC\r\n- ปลั๊กเสียบ, ช่อง USB, USB C\r\n- WIFI\r\n- กาแฟ ฟรี 1 แก้ว', 200.00),
(14, 'desk14.jpg', 'A14', 'ชั้น 1', 352, 223, '', NULL, NULL, 'A14 โต๊ะทำงานพร้อมคอมพิวเตอร์ \r\nสำหรับ 1 ท่าน\r\nโซนมีฉากกั้น เป็นส่วนตัว\r\nราคา 200 บาท/ชม.\r\n\r\nบริการ\r\n- คอมพิวเตอร์ PC\r\n- ปลั๊กเสียบ, ช่อง USB, USB C\r\n- WIFI\r\n- กาแฟ ฟรี 1 แก้ว', 200.00),
(15, 'desk15.jpg', 'B1', 'ชั้น 2', 156, 90, '', NULL, NULL, 'B1 โต๊ะกลมสไตล์คาเฟ่ \r\nนั่งได้โต๊ะละ 1-2 ท่าน\r\nที่นั่งสบาย โซนบรรยากาศคาเฟ่\r\nชั้นเดียวกับเคาน์เตอร์สั่งอาหารและเครื่องดื่ม\r\nราคา 150 บาท/ชม.\r\n\r\nบริการที่มีให้\r\n- ปลั๊กไฟ และช่องเสียบ USB\r\n- WIFI\r\n- กาแฟ ฟรี 1 แก้ว', 150.00),
(16, 'desk16.jpg', 'B2', 'ชั้น 2', 252, 90, 'available', NULL, NULL, 'B2 โต๊ะกลมสไตล์คาเฟ่ \r\nนั่งได้โต๊ะละ 1-2 ท่าน\r\nที่นั่งสบาย โซนบรรยากาศคาเฟ่\r\nชั้นเดียวกับเคาน์เตอร์สั่งอาหารและเครื่องดื่ม\r\nราคา 150 บาท/ชม.\r\n\r\nบริการที่มีให้\r\n- ปลั๊กไฟ และช่องเสียบ USB\r\n- WIFI\r\n- กาแฟ ฟรี 1 แก้ว', 150.00),
(17, 'desk17.jpg', 'B3', 'ชั้น 2', 352, 90, 'reserved', NULL, NULL, 'B3 โต๊ะกลมสไตล์คาเฟ่ \r\nนั่งได้โต๊ะละ 1-2 ท่าน\r\nที่นั่งสบาย โซนบรรยากาศคาเฟ่\r\nชั้นเดียวกับเคาน์เตอร์สั่งอาหารและเครื่องดื่ม\r\nราคา 300 บาท/ชม.\r\n\r\nบริการที่มีให้\r\n- ปลั๊กไฟ และช่องเสียบ USB\r\n- WIFI\r\n- กาแฟ ฟรี 1 แก้ว', 150.00),
(18, 'desk18.jpg', 'B4', 'ชั้น 2', 295, 180, '', NULL, NULL, 'B4 โต๊ะกลมสไตล์คาเฟ่ \r\nนั่งได้โต๊ะละ 1-2 ท่าน\r\nที่นั่งสบาย โซนบรรยากาศคาเฟ่\r\nชั้นเดียวกับเคาน์เตอร์สั่งอาหารและเครื่องดื่ม\r\nราคา 150 บาท/ชม.\r\n\r\nบริการที่มีให้\r\n- WIFI\r\n- กาแฟ ฟรี 1 แก้ว', 150.00),
(19, 'desk19.jpg', 'B5', 'ชั้น 2', 211, 180, 'available', NULL, NULL, 'B5 โต๊ะกลมสไตล์คาเฟ่ \r\nนั่งได้โต๊ะละ 1-2 ท่าน\r\nที่นั่งสบาย โซนบรรยากาศคาเฟ่\r\nชั้นเดียวกับเคาน์เตอร์สั่งอาหารและเครื่องดื่ม\r\nราคา 150 บาท/ชม.\r\n\r\nบริการที่มีให้\r\n- WIFI\r\n- กาแฟ ฟรี 1 แก้ว', 150.00),
(20, 'desk20.jpg', 'B6', 'ชั้น 2', 101, 211, 'reserved', NULL, NULL, 'B6 โต๊ะกลมสไตล์คาเฟ่ \r\nนั่งได้โต๊ะละ 1-2 ท่าน\r\nที่นั่งสบาย โซนบรรยากาศคาเฟ่\r\nชั้นเดียวกับเคาน์เตอร์สั่งอาหารและเครื่องดื่ม\r\nราคา 150 บาท/ชม.\r\n\r\nบริการที่มีให้\r\n- ปลั๊กไฟ และช่องเสียบ USB\r\n- WIFI\r\n- กาแฟ ฟรี 1 แก้ว', 150.00),
(21, 'desk21.jpg', 'B7', 'ชั้น 2', 161, 261, '', NULL, NULL, 'B7โต๊ะกลมสไตล์คาเฟ่ \r\nนั่งได้โต๊ะละ 1-2 ท่าน\r\nที่นั่งสบาย โซนบรรยากาศคาเฟ่\r\nชั้นเดียวกับเคาน์เตอร์สั่งอาหารและเครื่องดื่ม\r\nราคา 150 บาท/ชม.\r\n\r\nบริการที่มีให้\r\n- ปลั๊กไฟ และช่องเสียบ USB\r\n- WIFI\r\n- กาแฟ ฟรี 1 แก้ว', 150.00),
(22, 'desk22.jpg', 'B8', 'ชั้น 2', 254, 260, 'reserved', NULL, NULL, 'B8 โต๊ะกลมสไตล์คาเฟ่ \r\nนั่งได้โต๊ะละ 1-2 ท่าน\r\nที่นั่งสบาย โซนบรรยากาศคาเฟ่\r\nชั้นเดียวกับเคาน์เตอร์สั่งอาหารและเครื่องดื่ม\r\nราคา 150 บาท/ชม.\r\n\r\nบริการที่มีให้\r\n- ปลั๊กไฟ และช่องเสียบ USB\r\n- WIFI\r\n- กาแฟ ฟรี 1 แก้ว', 150.00),
(23, 'desk23.jpg', 'B9', 'ชั้น 2', 295, 325, '', NULL, NULL, 'B9 โต๊ะกลมสไตล์คาเฟ่ \r\nนั่งได้โต๊ะละ 1-2 ท่าน\r\nที่นั่งสบาย โซนบรรยากาศคาเฟ่\r\nชั้นเดียวกับเคาน์เตอร์สั่งอาหารและเครื่องดื่ม\r\nราคา 150 บาท/ชม.\r\n\r\nบริการที่มีให้\r\n- ปลั๊กไฟ และช่องเสียบ USB\r\n- WIFI\r\n- กาแฟ ฟรี 1 แก้ว', 150.00),
(24, 'desk24.jpg', 'B10', 'ชั้น 2', 211, 325, 'available', NULL, NULL, 'B10 โต๊ะกลมสไตล์คาเฟ่ \r\nนั่งได้โต๊ะละ 1-2 ท่าน\r\nที่นั่งสบาย โซนบรรยากาศคาเฟ่\r\nชั้นเดียวกับเคาน์เตอร์สั่งอาหารและเครื่องดื่ม\r\nราคา 150 บาท/ชม.\r\n\r\nบริการที่มีให้\r\n- ปลั๊กไฟ และช่องเสียบ USB\r\n- WIFI\r\n- กาแฟ ฟรี 1 แก้ว', 150.00),
(25, 'desk25.jpg', 'B11', 'ชั้น 2', 101, 325, '', NULL, NULL, 'B11 โต๊ะกลมสไตล์คาเฟ่ \r\nนั่งได้โต๊ะละ 1-2 ท่าน\r\nที่นั่งสบาย โซนบรรยากาศคาเฟ่\r\nชั้นเดียวกับเคาน์เตอร์สั่งอาหารและเครื่องดื่ม\r\nราคา 150 บาท/ชม.\r\n\r\nบริการที่มีให้\r\n- ปลั๊กไฟ และช่องเสียบ USB\r\n- WIFI\r\n- กาแฟ ฟรี 1 แก้ว', 150.00),
(26, 'desk26.jpg', 'B12', 'ชั้น 2', 112, 407, '', NULL, NULL, 'B12 โต๊ะบาร์\r\nสำหรับ 1 ที่นั่ง ใช้โต๊ะร่วม\r\nหันหน้าเข้าระเบียง บรรยากาศดี\r\nชั้นเดียวกับเคาน์เตอร์สั่งอาหารและเครื่องดื่ม\r\nราคา 50 บาท/ชม.\r\n\r\nบริการที่มีให้\r\n- ปลั๊กไฟ และช่องเสียบ USB\r\n- WIFI', 50.00),
(27, 'desk27.jpg', 'B13', 'ชั้น 2', 152, 407, 'available', NULL, NULL, 'B13 โต๊ะบาร์\r\nสำหรับ 1 ที่นั่ง ใช้โต๊ะร่วม\r\nหันหน้าเข้าระเบียง บรรยากาศดี\r\nชั้นเดียวกับเคาน์เตอร์สั่งอาหารและเครื่องดื่ม\r\nราคา 50 บาท/ชม.\r\n\r\nบริการที่มีให้\r\n- ปลั๊กไฟ และช่องเสียบ USB\r\n- WIFI\r\n', 50.00),
(28, 'desk28.jpg', 'B14', 'ชั้น 2', 193, 407, 'reserved', NULL, NULL, '', 50.00),
(29, 'desk29.jpg', 'B15', 'ชั้น 2', 231, 407, 'available', NULL, NULL, 'B15 โต๊ะบาร์\r\nสำหรับ 1 ที่นั่ง ใช้โต๊ะร่วม\r\nหันหน้าเข้าระเบียง บรรยากาศดี\r\nชั้นเดียวกับเคาน์เตอร์สั่งอาหารและเครื่องดื่ม\r\nราคา 50 บาท/ชม.\r\n\r\nบริการที่มีให้\r\n- ปลั๊กไฟ และช่องเสียบ USB\r\n- WIFI\r\n', 50.00),
(30, 'desk30.jpg', 'B16', 'ชั้น 2', 121, 492, 'available', NULL, NULL, 'B16 โต๊ะกลม สำหรับ 1-4 ท่าน\r\nโซนระบียง ชั้น 2 \r\nชั้นเดียวกับเคาน์เตอร์สั่งอาหารและเครื่องดื่ม\r\nราคา 250 บาท/ชม.\r\n\r\nบริการที่มีให้\r\n- ปลั๊กไฟ และช่องเสียบ USB\r\n- WIFI\r\n- น้ำดื่ม', 250.00),
(31, 'desk31.jpg', 'B17', 'ชั้น 2', 248, 492, '', NULL, NULL, 'B17 โต๊ะกลม สำหรับ 1-4 ท่าน\r\nโซนระบียง ชั้น 2 \r\nชั้นเดียวกับเคาน์เตอร์สั่งอาหารและเครื่องดื่ม\r\nราคา 250 บาท/ชม.\r\n\r\nบริการที่มีให้\r\n- ปลั๊กไฟ และช่องเสียบ USB\r\n- WIFI\r\n- น้ำดื่ม', 250.00),
(32, 'desk32.jpg', 'B18', 'ชั้น 2', 370, 494, 'available', NULL, NULL, 'B18 โต๊ะกลม สำหรับ 1-4 ท่าน\r\nโซนระบียง ชั้น 2 \r\nชั้นเดียวกับเคาน์เตอร์สั่งอาหารและเครื่องดื่ม\r\nราคา 250 บาท/ชม.\r\n\r\nบริการที่มีให้\r\n- ปลั๊กไฟ และช่องเสียบ USB\r\n- WIFI\r\n- น้ำดื่ม', 250.00),
(33, 'desk33.jpg', 'C1', 'ชั้น 3', 149, 147, '', NULL, NULL, 'C1 โต๊ะโซฟากลม สำหรับ 1-5 ท่าน\r\nโซนโถงใหญ่\r\nราคา 300 บาท/ชม.\r\n\r\nบริการที่มีให้\r\n- ปลั๊กไฟ และช่องเสียบ USB\r\n- WIFI\r\n- กาแฟ ฟรี 1 แก้ว', 300.00),
(34, 'desk34.jpg', 'C2', 'ชั้น 3', 238, 90, '', NULL, NULL, 'C2 โต๊ะโซฟากลม สำหรับ 1-5 ท่าน\r\nโซนโถงใหญ่\r\nราคา 300 บาท/ชม.\r\n\r\nบริการที่มีให้\r\n- ปลั๊กไฟ และช่องเสียบ USB\r\n- WIFI\r\n- กาแฟ ฟรี 1 แก้ว', 300.00),
(35, 'desk35.jpg', 'C3', 'ชั้น 3', 327, 150, 'available', NULL, NULL, 'C3 โต๊ะโซฟากลม สำหรับ 1-5 ท่าน\r\nโซนโถงใหญ่\r\nราคา 300 บาท/ชม.\r\n\r\nบริการที่มีให้\r\n- ปลั๊กไฟ และช่องเสียบ USB\r\n- WIFI\r\n- กาแฟ ฟรี 1 แก้ว', 300.00),
(36, 'desk36.jpg', 'C4', 'ชั้น 3', 112, 347, '', NULL, NULL, 'C4 ห้องประชุม สำหรับ 20 ท่าน\r\n\r\nราคา 900 บาท/ชม.\r\n\r\nบริการที่มีให้\r\n- โปรเจคเตอร์พร้อมสายเชื่อมต่อครบชุด\r\n- ปลั๊กไฟ และช่องเสียบ USB\r\n- WIFI\r\n- น้ำเปล่าขวดเล็ก 20 ขวด', 900.00),
(37, 'desk37.jpg', 'C5', 'ชั้น 3', 343, 265, '', NULL, NULL, 'C5 ห้องประชุม สำหรับ 1-5 ท่าน\r\n\r\nราคา 400 บาท/ชม.\r\n\r\nบริการที่มีให้\r\n- โปรเจคเตอร์พร้อมสายเชื่อมต่อครบชุด\r\n- ปลั๊กไฟ และช่องเสียบ USB\r\n- WIFI\r\n- น้ำเปล่าขวดเล็ก 5 ขวด', 400.00),
(38, 'desk38.jpg', 'C6', 'ชั้น 3', 338, 444, '', NULL, NULL, 'C6 ห้องประชุม สำหรับ 1-5 ท่าน\r\n\r\nราคา 400 บาท/ชม.\r\n\r\nบริการที่มีให้\r\n- โปรเจคเตอร์พร้อมสายเชื่อมต่อครบชุด\r\n- ปลั๊กไฟ และช่องเสียบ USB\r\n- WIFI\r\n- น้ำเปล่าขวดเล็ก 5 ขวด', 400.00);

-- --------------------------------------------------------

--
-- Table structure for table `payments`
--

CREATE TABLE `payments` (
  `payment_id` int(11) NOT NULL,
  `booking_id` int(11) DEFAULT NULL,
  `payment_method` enum('promptpay','creditcard','cash') DEFAULT NULL,
  `amount` decimal(10,2) DEFAULT NULL,
  `payment_time` datetime DEFAULT current_timestamp(),
  `slip` varchar(255) DEFAULT NULL,
  `payment_verified` enum('pending','approved','rejected') DEFAULT 'pending',
  `created_at` datetime DEFAULT current_timestamp()
) ENGINE=InnoDB DEFAULT CHARSET=utf8mb4 COLLATE=utf8mb4_general_ci;

--
-- Dumping data for table `payments`
--

INSERT INTO `payments` (`payment_id`, `booking_id`, `payment_method`, `amount`, `payment_time`, `slip`, `payment_verified`, `created_at`) VALUES
(3, 14, '', 200.00, '2025-06-14 16:57:31', 'payment_slips/1749913050_Page365+เช็คสลิปโอนเงินอัตโนมัติ.png', 'approved', '2025-06-14 16:57:31'),
(4, 15, '', 200.00, '2025-06-14 18:06:23', 'payment_slips/1749917183_Page365+เช็คสลิปโอนเงินอัตโนมัติ.png', 'approved', '2025-06-14 18:06:23'),
(6, 18, '', 100.00, '2025-06-17 09:47:36', 'payment_slips/1750146456_Page365+เช็คสลิปโอนเงินอัตโนมัติ.png', 'approved', '2025-06-17 09:47:36'),
(7, 21, '', 600.00, '2025-06-17 11:13:24', 'payment_slips/1750151604_Page365+เช็คสลิปโอนเงินอัตโนมัติ.png', 'approved', '2025-06-17 11:13:24'),
(10, 21, '', 600.00, '2025-06-17 11:52:51', 'payment_slips/1750153971_Page365+เช็คสลิปโอนเงินอัตโนมัติ.png', 'approved', '2025-06-17 11:52:51'),
(11, 27, '', 750.00, '2025-06-18 11:23:24', 'payment_slips/1750238604_สลิปโอนเงิน.png', 'approved', '2025-06-18 11:23:24'),
(12, 29, '', 100.00, '2025-06-18 13:13:25', 'payment_slips/1750245205_สลิ.png', 'rejected', '2025-06-18 13:13:25'),
(13, 30, '', 600.00, '2025-06-18 14:38:08', 'payment_slips/1750250288_romantictrip_79351.png', 'approved', '2025-06-18 14:38:08'),
(14, 31, '', 200.00, '2025-06-19 09:18:17', 'payment_slips/1750317497_floor2.png', 'approved', '2025-06-19 09:18:17'),
(26, 40, '', 200.00, '2025-06-19 18:44:24', 'payment_slips/1750351464_76897_0.jpg', 'approved', '2025-06-19 18:44:24'),
(27, 42, '', 300.00, '2025-06-19 21:03:15', 'payment_slips/1750359795_Page365+เช็คสลิปโอนเงินอัตโนมัติ.png', 'approved', '2025-06-19 21:03:15'),
(28, 43, '', 300.00, '2025-06-21 08:47:51', 'payment_slips/1750488471_5-1.png', 'approved', '2025-06-21 08:47:51'),
(29, 44, '', 400.00, '2025-06-21 09:47:24', 'payment_slips/1750492044_5-1.png', 'rejected', '2025-06-21 09:47:24'),
(30, 45, '', 200.00, '2025-06-21 11:10:22', 'payment_slips/1750497022_5-1.png', 'approved', '2025-06-21 11:10:22'),
(31, 54, '', 180.00, '2025-07-08 20:50:50', 'payment_slips/1752000650_S__22503439.jpg', 'approved', '2025-07-08 20:50:50'),
(32, 55, '', 750.00, '2025-07-08 21:01:01', 'payment_slips/1752001261_ผู้หญิงน่ารักๆ ตาโตๆ ผมยาวมัดหางม้าใส่หมวกแก๊ปสีดำ แต่งตัววินเทจ เสื้อกล้ามครอปสีดำ ใส่กางเกงยีนส์ขากระบอกใหญ่สีสนิม ใส้ผ้าใบเท่ห์ (2).jpg', 'approved', '2025-07-08 21:01:01'),
(33, 56, '', 120.00, '2025-07-09 17:23:14', 'payment_slips/1752074594_S__22642693_0.png', 'rejected', '2025-07-09 17:23:14'),
(34, 56, '', 120.00, '2025-07-09 17:55:48', 'payment_slips/1752076548_S__22642693_0.png', 'rejected', '2025-07-09 17:55:48'),
(35, 57, '', 120.00, '2025-07-09 18:13:16', 'payment_slips/1752077596_ไอคอนการติดตามสถานะพัสดุ มีรถมอเตอร์ไซต์มีกล่องพัสดุมีหมุดระบุพื้นที่ (1).jpg', 'approved', '2025-07-09 18:13:16'),
(36, 58, '', 80.00, '2025-07-09 19:09:41', 'payment_slips/1752080981_987A7B34-B82E-45C0-8AD4-11012B204C7A.jpg', 'approved', '2025-07-09 19:09:41'),
(38, 59, '', 80.00, '2025-07-10 17:29:29', 'payment_slips/1752161369_S__22642695_0.jpg', 'approved', '2025-07-10 17:29:29'),
(39, 60, '', 80.00, '2025-07-10 19:09:38', 'payment_slips/1752167378_ต๊กตาแมวสีส้มสลับขาวๆน่ารักๆ (1).jpg', 'approved', '2025-07-10 19:09:38'),
(40, 61, '', 750.00, '2025-07-12 11:56:55', 'payment_slips/1752314215_S__22503439.jpg', 'approved', '2025-07-12 11:56:55'),
(41, 62, '', 100.00, '2025-07-12 14:43:51', 'payment_slips/1752324231_S__22888460_0.jpg', 'approved', '2025-07-12 14:43:51'),
(42, 63, '', 825.00, '2025-07-12 16:12:26', 'payment_slips/1752329546_S__22888463_0.jpg', 'approved', '2025-07-12 16:12:26'),
(43, 64, '', 20.00, '2025-07-12 18:46:35', 'payment_slips/1752338795_S__22888461_0.jpg', 'approved', '2025-07-12 18:46:35'),
(44, 65, '', 60.00, '2025-07-12 19:49:40', 'payment_slips/1752342580_S__22888464_0.jpg', 'approved', '2025-07-12 19:49:40'),
(45, 66, '', 60.00, '2025-07-12 20:23:25', 'payment_slips/1752344605_S__22888458_0.jpg', 'approved', '2025-07-12 20:23:25'),
(46, 61, '', 750.00, '2025-07-28 12:08:21', 'payment_slips/1753697301_S__22503439.jpg', 'rejected', '2025-07-28 12:08:21'),
(47, 67, '', 300.00, '2025-08-08 21:03:57', 'payment_slips/1754679837_S__22888462_0.jpg', 'approved', '2025-08-08 21:03:57'),
(48, 68, '', 280.00, '2025-08-08 22:17:58', 'payment_slips/1754684278_S__22888464_0.jpg', 'approved', '2025-08-08 22:17:58'),
(49, 69, '', 25.00, '2025-08-08 23:27:59', 'payment_slips/1754688479_S__22888458_0.jpg', 'approved', '2025-08-08 23:27:59'),
(50, 70, '', 120.00, '2025-08-09 13:12:26', 'payment_slips/1754737946_S__22888464_0.jpg', 'approved', '2025-08-09 13:12:26'),
(51, 71, '', 360.00, '2025-08-09 13:44:38', 'payment_slips/1754739878_S__22888461_0.jpg', 'approved', '2025-08-09 13:44:38'),
(52, 72, '', 240.00, '2025-08-10 10:11:43', 'payment_slips/1754813503_S__22888458_0.jpg', 'approved', '2025-08-10 10:11:43'),
(53, 73, '', 50.00, '2025-08-10 12:16:49', 'payment_slips/1754821009_S__22888460_0.jpg', 'approved', '2025-08-10 12:16:49'),
(54, 74, '', 30.00, '2025-08-10 12:20:32', 'payment_slips/1754821232_S__22888461_0.jpg', 'approved', '2025-08-10 12:20:32'),
(55, 75, '', 60.00, '2025-08-10 12:23:12', 'payment_slips/1754821392_S__22888461_0.jpg', 'approved', '2025-08-10 12:23:12'),
(56, 76, '', 100.00, '2025-08-10 12:29:36', 'payment_slips/1754821776_S__22888458_0.jpg', 'approved', '2025-08-10 12:29:36'),
(57, 77, '', 100.00, '2025-08-10 12:31:00', 'payment_slips/1754821860_S__22888464_0.jpg', 'approved', '2025-08-10 12:31:00'),
(58, 78, '', 60.00, '2025-08-10 12:46:13', 'payment_slips/1754822773_S__22888461_0.jpg', 'approved', '2025-08-10 12:46:13'),
(59, 79, '', 60.00, '2025-08-10 12:54:02', 'payment_slips/1754823242_S__22888461_0.jpg', 'approved', '2025-08-10 12:54:02'),
(60, 80, '', 20.00, '2025-08-10 12:55:15', 'payment_slips/1754823315_S__22888460_0.jpg', 'approved', '2025-08-10 12:55:15'),
(61, 81, '', 200.00, '2025-08-10 13:21:18', 'payment_slips/1754824878_S__22888464_0.jpg', 'approved', '2025-08-10 13:21:18'),
(62, 82, '', 50.00, '2025-08-10 13:24:19', 'payment_slips/1754825059_S__22888464_0.jpg', 'approved', '2025-08-10 13:24:19'),
(63, 83, '', 60.00, '2025-08-10 13:52:21', 'payment_slips/1754826741_S__22888460_0.jpg', 'approved', '2025-08-10 13:52:21'),
(64, 84, '', 15.00, '2025-08-10 14:02:03', 'payment_slips/1754827323_S__22888461_0.jpg', 'approved', '2025-08-10 14:02:03'),
(65, 85, '', 45.00, '2025-08-10 14:03:15', 'payment_slips/1754827395_S__22888461_0.jpg', 'approved', '2025-08-10 14:03:15'),
(66, 86, '', 45.00, '2025-08-10 14:15:17', 'payment_slips/1754828117_S__22888460_0.jpg', 'approved', '2025-08-10 14:15:17'),
(67, 87, '', 300.00, '2025-08-10 14:33:58', 'payment_slips/1754829238_S__22888463_0.jpg', 'approved', '2025-08-10 14:33:58'),
(68, 88, '', 225.00, '2025-08-10 14:36:31', 'payment_slips/1754829391_S__22888458_0.jpg', 'rejected', '2025-08-10 14:36:31'),
(69, 89, '', 30.00, '2025-08-10 14:45:12', 'payment_slips/1754829912_S__22888460_0.jpg', 'rejected', '2025-08-10 14:45:12'),
(70, 90, '', 40.00, '2025-08-10 15:09:17', 'payment_slips/1754831357_S__22888460_0.jpg', 'rejected', '2025-08-10 15:09:17'),
(71, 91, '', 225.00, '2025-08-10 15:11:57', 'payment_slips/1754831517_S__22888462_0.jpg', 'rejected', '2025-08-10 15:11:57'),
(72, 92, '', 30.00, '2025-08-10 15:30:11', 'payment_slips/1754832611_S__22888464_0.jpg', 'rejected', '2025-08-10 15:30:11'),
(73, 93, '', 40.00, '2025-08-10 15:39:40', 'payment_slips/1754833180_S__22888464_0.jpg', 'rejected', '2025-08-10 15:39:40'),
(74, 94, '', 10.00, '2025-08-10 16:05:09', 'payment_slips/1754834709_S__22888460_0.jpg', 'approved', '2025-08-10 16:05:09'),
(75, 95, '', 30.00, '2025-08-10 16:16:29', 'payment_slips/1754835389_S__22888460_0.jpg', 'approved', '2025-08-10 16:16:29'),
(76, 96, '', 60.00, '2025-08-10 16:17:20', 'payment_slips/1754835440_S__22888460_0.jpg', 'approved', '2025-08-10 16:17:20'),
(77, 97, '', 30.00, '2025-08-10 16:34:20', 'payment_slips/1754836460_S__22888464_0.jpg', 'approved', '2025-08-10 16:34:20'),
(78, 98, '', 150.00, '2025-08-10 16:48:34', 'payment_slips/1754837314_S__22888460_0.jpg', 'approved', '2025-08-10 16:48:34'),
(79, 99, '', 375.00, '2025-08-10 17:29:54', 'payment_slips/1754839794_S__22888460_0.jpg', 'approved', '2025-08-10 17:29:54'),
(80, 100, '', 375.00, '2025-08-11 14:30:40', 'payment_slips/1754915440_S__22888460_0.jpg', 'approved', '2025-08-11 14:30:40'),
(81, 101, '', 100.00, '2025-08-11 20:17:54', 'payment_slips/1754936274_S__22888460_0.jpg', 'approved', '2025-08-11 20:17:54'),
(82, 102, '', 300.00, '2025-08-11 20:44:53', 'payment_slips/1754937893_S__22888458_0.jpg', 'approved', '2025-08-11 20:44:53'),
(83, 103, '', 100.00, '2025-08-11 20:53:20', 'payment_slips/1754938400_S__22888458_0.jpg', 'approved', '2025-08-11 20:53:20'),
(84, 104, '', 100.00, '2025-08-11 20:55:04', 'payment_slips/1754938504_S__22888460_0.jpg', 'approved', '2025-08-11 20:55:04'),
(85, 105, '', 100.00, '2025-08-11 21:52:01', 'payment_slips/1754941921_S__22888464_0.jpg', 'approved', '2025-08-11 21:52:01'),
(86, 106, '', 300.00, '2025-08-11 22:23:51', 'payment_slips/1754943831_S__22888464_0.jpg', 'approved', '2025-08-11 22:23:51'),
(87, 107, '', 100.00, '2025-08-11 22:36:21', 'payment_slips/1754944581_S__22888461_0.jpg', 'approved', '2025-08-11 22:36:21'),
(88, 108, '', 120.00, '2025-08-11 22:51:43', 'payment_slips/1754945503_S__22888460_0.jpg', 'approved', '2025-08-11 22:51:43'),
(89, 109, '', 90.00, '2025-08-12 00:18:33', 'payment_slips/1754950713_S__22888464_0.jpg', 'approved', '2025-08-12 00:18:33'),
(90, 110, '', 60.00, '2025-08-12 00:23:23', 'payment_slips/1754951003_S__22888461_0.jpg', 'approved', '2025-08-12 00:23:23'),
(91, 111, '', 150.00, '2025-08-12 00:47:16', 'payment_slips/1754952436_S__22888462_0.jpg', 'approved', '2025-08-12 00:47:16'),
(92, 112, '', 150.00, '2025-08-12 01:10:23', 'payment_slips/1754953823_S__22888463_0.jpg', 'approved', '2025-08-12 01:10:23'),
(93, 113, '', 40.00, '2025-08-12 01:26:26', 'payment_slips/1754954786_S__22888460_0.jpg', 'approved', '2025-08-12 01:26:26'),
(94, 114, '', 60.00, '2025-08-12 02:03:40', 'payment_slips/1754957020_S__22888464_0.jpg', 'approved', '2025-08-12 02:03:40'),
(95, 115, '', 100.00, '2025-08-12 02:49:52', 'payment_slips/1754959792_S__22888462_0.jpg', 'approved', '2025-08-12 02:49:52'),
(96, 116, '', 30.00, '2025-08-12 08:39:38', 'payment_slips/1754980778_S__22888460_0.jpg', 'approved', '2025-08-12 08:39:38'),
(97, 117, '', 150.00, '2025-08-12 09:10:00', 'payment_slips/1754982600_S__22888461_0.jpg', 'rejected', '2025-08-12 09:10:00'),
(98, 118, '', 225.00, '2025-08-12 09:26:29', 'payment_slips/1754983589_S__22888460_0.jpg', 'rejected', '2025-08-12 09:26:29'),
(99, 120, '', 20.00, '2025-08-12 09:41:13', 'payment_slips/1754984473_S__22888460_0.jpg', 'rejected', '2025-08-12 09:41:13'),
(100, 122, '', 30.00, '2025-08-12 10:56:10', 'payment_slips/1754988970_S__22888460_0.jpg', 'rejected', '2025-08-12 10:56:10'),
(101, 123, '', 60.00, '2025-08-12 11:05:19', 'payment_slips/1754989519_S__22888460_0.jpg', 'approved', '2025-08-12 11:05:19'),
(102, 124, '', 300.00, '2025-08-12 11:18:50', 'payment_slips/1754990330_S__22888464_0.jpg', 'approved', '2025-08-12 11:18:50'),
(103, 125, '', 225.00, '2025-08-12 12:14:13', 'payment_slips/1754993653_S__22888460_0.jpg', 'approved', '2025-08-12 12:14:13'),
(104, 126, '', 60.00, '2025-08-12 12:43:30', 'payment_slips/1754995410_S__22888461_0.jpg', 'approved', '2025-08-12 12:43:30'),
(105, 127, '', 80.00, '2025-08-12 13:37:59', 'payment_slips/1754998679_S__22888460_0.jpg', 'approved', '2025-08-12 13:37:59'),
(106, 128, '', 150.00, '2025-08-12 13:48:29', 'payment_slips/1754999309_S__22888460_0.jpg', 'approved', '2025-08-12 13:48:29'),
(107, 129, '', 225.00, '2025-08-12 14:46:01', 'payment_slips/1755002761_S__22888460_0.jpg', 'approved', '2025-08-12 14:46:01'),
(108, 130, '', 375.00, '2025-08-12 15:12:54', 'payment_slips/1755004374_S__22888462_0.jpg', 'approved', '2025-08-12 15:12:54'),
(109, 131, '', 150.00, '2025-08-13 02:12:49', 'payment_slips/1755025969_S__22888462_0.jpg', 'approved', '2025-08-13 02:12:49'),
(110, 127, '', 80.00, '2025-08-13 22:40:49', 'payment_slips/1755099648_S__22888460_0.jpg', 'rejected', '2025-08-13 22:40:49'),
(111, 132, '', 160.00, '2025-08-13 22:44:03', 'payment_slips/1755099843_S__22888463_0.jpg', 'approved', '2025-08-13 22:44:03'),
(112, 133, '', 60.00, '2025-08-14 00:05:30', 'payment_slips/1755104730_S__22888461_0.jpg', 'approved', '2025-08-14 00:05:30'),
(113, 134, '', 300.00, '2025-08-14 00:13:27', 'payment_slips/1755105207_S__22888460_0.jpg', 'approved', '2025-08-14 00:13:27'),
(114, 135, '', 30.00, '2025-08-14 00:28:02', 'payment_slips/1755106082_S__22888461_0.jpg', 'approved', '2025-08-14 00:28:02'),
(115, 136, '', 30.00, '2025-08-14 00:47:50', 'payment_slips/1755107270_S__22888458_0.jpg', 'approved', '2025-08-14 00:47:50'),
(116, 137, '', 225.00, '2025-08-14 01:19:16', 'payment_slips/1755109156_S__22888463_0.jpg', 'approved', '2025-08-14 01:19:16'),
(117, 138, '', 60.00, '2025-08-14 01:25:13', 'payment_slips/1755109513_S__22888460_0.jpg', 'approved', '2025-08-14 01:25:13'),
(118, 139, '', 300.00, '2025-08-14 22:38:10', 'payment_slips/1755185890_S__22888460_0.jpg', 'approved', '2025-08-14 22:38:10'),
(119, 140, '', 40.00, '2025-08-15 00:01:34', 'payment_slips/1755190894_S__22888458_0.jpg', 'approved', '2025-08-15 00:01:34'),
(120, 141, '', 30.00, '2025-08-15 00:19:01', 'payment_slips/1755191941_S__22888462_0.jpg', 'approved', '2025-08-15 00:19:01'),
(121, 142, '', 225.00, '2025-08-15 00:38:41', 'payment_slips/1755193121_S__22888460_0.jpg', 'approved', '2025-08-15 00:38:41'),
(122, 143, '', 40.00, '2025-08-15 01:41:04', 'payment_slips/1755196864_S__22888464_0.jpg', 'approved', '2025-08-15 01:41:04'),
(123, 144, '', 150.00, '2025-08-15 21:47:01', 'payment_slips/1755269221_S__22888460_0.jpg', 'approved', '2025-08-15 21:47:01'),
(124, 145, '', 10.00, '2025-08-15 23:16:00', 'payment_slips/1755274560_S__22888464_0.jpg', 'approved', '2025-08-15 23:16:00'),
(125, 146, '', 150.00, '2025-08-15 23:20:26', 'payment_slips/1755274826_S__22888460_0.jpg', 'approved', '2025-08-15 23:20:26'),
(126, 147, '', 150.00, '2025-08-15 23:24:33', 'payment_slips/1755275073_S__22888462_0.jpg', 'approved', '2025-08-15 23:24:33'),
(127, 148, '', 225.00, '2025-08-15 23:41:30', 'payment_slips/1755276090_S__22888462_0.jpg', 'approved', '2025-08-15 23:41:30'),
(128, 149, '', 40.00, '2025-08-15 23:46:42', 'payment_slips/1755276402_S__22888460_0.jpg', 'approved', '2025-08-15 23:46:42'),
(129, 150, '', 40.00, '2025-08-16 00:00:00', 'payment_slips/1755277200_S__22888458_0.jpg', 'approved', '2025-08-16 00:00:00'),
(130, 151, '', 120.00, '2025-08-16 23:26:50', 'payment_slips/1755361610_S__22888458_0.jpg', 'approved', '2025-08-16 23:26:50'),
(131, 152, '', 75.00, '2025-08-16 23:52:12', 'payment_slips/1755363132_S__22888462_0.jpg', 'approved', '2025-08-16 23:52:12'),
(132, 153, '', 150.00, '2025-08-17 00:03:59', 'payment_slips/1755363839_S__22888464_0.jpg', 'approved', '2025-08-17 00:03:59'),
(133, 154, '', 20.00, '2025-08-17 00:47:10', 'payment_slips/1755366430_S__22888460_0.jpg', 'approved', '2025-08-17 00:47:10'),
(134, 155, '', 40.00, '2025-08-17 01:09:59', 'payment_slips/1755367799_S__22888460_0.jpg', 'approved', '2025-08-17 01:09:59'),
(135, 156, '', 20.00, '2025-08-17 01:16:35', 'payment_slips/1755368195_S__22888460_0.jpg', 'approved', '2025-08-17 01:16:35'),
(136, 157, '', 40.00, '2025-08-17 01:22:46', 'payment_slips/1755368566_S__22888464_0.jpg', 'approved', '2025-08-17 01:22:46'),
(137, 158, '', 75.00, '2025-08-17 01:25:06', 'payment_slips/1755368706_S__22888462_0.jpg', 'approved', '2025-08-17 01:25:06'),
(138, 159, '', 30.00, '2025-08-17 01:27:02', 'payment_slips/1755368822_S__22888461_0.jpg', 'approved', '2025-08-17 01:27:02'),
(139, 160, '', 40.00, '2025-08-17 01:52:39', 'payment_slips/1755370359_S__22888460_0.jpg', 'approved', '2025-08-17 01:52:39'),
(140, 161, '', 20.00, '2025-08-17 02:11:28', 'payment_slips/1755371488_S__22888464_0.jpg', 'approved', '2025-08-17 02:11:28'),
(141, 162, '', 20.00, '2025-08-17 02:26:13', 'payment_slips/1755372373_S__22888462_0.jpg', 'approved', '2025-08-17 02:26:13'),
(142, 163, '', 40.00, '2025-08-17 02:30:15', 'payment_slips/1755372615_S__22888462_0.jpg', 'approved', '2025-08-17 02:30:15'),
(143, 164, '', 150.00, '2025-08-17 02:34:54', 'payment_slips/1755372894_S__22888460_0.jpg', 'approved', '2025-08-17 02:34:54'),
(144, 165, '', 30.00, '2025-08-17 02:40:10', 'payment_slips/1755373210_S__22888461_0.jpg', 'approved', '2025-08-17 02:40:10'),
(145, 166, '', 60.00, '2025-08-17 02:43:57', 'payment_slips/1755373437_S__22888462_0.jpg', 'approved', '2025-08-17 02:43:57'),
(146, 167, '', 20.00, '2025-08-17 20:55:38', 'payment_slips/1755438938_S__22888462_0.jpg', 'approved', '2025-08-17 20:55:38'),
(147, 168, '', 30.00, '2025-08-17 20:58:08', 'payment_slips/1755439088_S__22888460_0.jpg', 'approved', '2025-08-17 20:58:08'),
(148, 169, '', 15.00, '2025-08-17 21:01:08', 'payment_slips/1755439268_S__22888462_0.jpg', 'approved', '2025-08-17 21:01:08'),
(149, 170, '', 40.00, '2025-08-17 21:37:33', 'payment_slips/1755441453_S__22888464_0.jpg', 'approved', '2025-08-17 21:37:33'),
(150, 171, '', 40.00, '2025-08-17 21:41:38', 'payment_slips/1755441698_S__22888463_0.jpg', 'approved', '2025-08-17 21:41:38'),
(151, 172, '', 40.00, '2025-08-17 21:59:57', 'payment_slips/1755442797_S__22888460_0.jpg', 'approved', '2025-08-17 21:59:57'),
(152, 173, '', 40.00, '2025-08-17 22:02:46', 'payment_slips/1755442966_S__22888460_0.jpg', 'approved', '2025-08-17 22:02:46'),
(153, 174, '', 80.00, '2025-08-17 22:05:30', 'payment_slips/1755443130_S__22888464_0.jpg', 'approved', '2025-08-17 22:05:30'),
(154, 176, '', 150.00, '2025-08-18 17:40:16', 'payment_slips/1755513616_S__22888460_0.jpg', 'approved', '2025-08-18 17:40:16'),
(155, 177, '', 150.00, '2025-08-18 17:41:50', 'payment_slips/1755513710_S__22888464_0.jpg', 'approved', '2025-08-18 17:41:50'),
(156, 178, '', 150.00, '2025-08-18 17:45:47', 'payment_slips/1755513947_S__22888460_0.jpg', 'approved', '2025-08-18 17:45:47'),
(157, 179, '', 40.00, '2025-08-18 17:48:13', 'payment_slips/1755514093_S__22888464_0.jpg', 'approved', '2025-08-18 17:48:13'),
(158, 180, '', 20.00, '2025-08-18 18:45:19', 'payment_slips/1755517519_S__22888464_0.jpg', 'approved', '2025-08-18 18:45:19'),
(159, 181, '', 30.00, '2025-08-18 18:46:57', 'payment_slips/1755517617_S__22888464_0.jpg', 'approved', '2025-08-18 18:46:57'),
(160, 182, '', 30.00, '2025-08-18 21:45:16', 'payment_slips/1755528316_S__22888460_0.jpg', 'approved', '2025-08-18 21:45:16'),
(161, 183, '', 50.00, '2025-08-18 21:49:10', 'payment_slips/1755528550_S__22888464_0.jpg', 'approved', '2025-08-18 21:49:10'),
(162, 184, '', 150.00, '2025-08-18 22:09:16', 'payment_slips/1755529756_S__22888464_0.jpg', 'approved', '2025-08-18 22:09:16'),
(163, 185, '', 30.00, '2025-08-18 22:16:10', 'payment_slips/1755530170_S__22888458_0.jpg', 'approved', '2025-08-18 22:16:10'),
(164, 186, '', 60.00, '2025-08-18 22:59:27', 'payment_slips/1755532767_S__22888462_0.jpg', 'approved', '2025-08-18 22:59:27'),
(165, 187, '', 150.00, '2025-08-18 23:20:47', 'payment_slips/1755534047_S__22888464_0.jpg', 'approved', '2025-08-18 23:20:47'),
(166, 188, '', 40.00, '2025-08-19 00:05:50', 'payment_slips/1755536750_S__22888462_0.jpg', 'pending', '2025-08-19 00:05:50'),
(167, 189, '', 40.00, '2025-08-19 00:16:05', 'payment_slips/1755537365_S__22888462_0.jpg', 'pending', '2025-08-19 00:16:05'),
(168, 190, '', 40.00, '2025-08-19 00:25:28', 'payment_slips/1755537928_S__22888464_0.jpg', 'approved', '2025-08-19 00:25:28'),
(169, 191, '', 225.00, '2025-08-23 22:38:41', 'payment_slips/1755963521_S__22888461_0.jpg', 'approved', '2025-08-23 22:38:41'),
(170, 192, '', 225.00, '2025-08-23 22:55:10', 'payment_slips/1755964510_S__22888460_0.jpg', 'approved', '2025-08-23 22:55:10'),
(171, 193, '', 30.00, '2025-08-23 22:59:06', 'payment_slips/1755964746_S__22888458_0.jpg', 'approved', '2025-08-23 22:59:06'),
(172, 194, '', -375.00, '2025-08-23 23:32:38', 'payment_slips/1755966758_S__22888462_0.jpg', 'approved', '2025-08-23 23:32:38'),
(173, 195, '', 60.00, '2025-08-23 23:38:09', 'payment_slips/1755967089_S__22888462_0.jpg', 'approved', '2025-08-23 23:38:09'),
(174, 196, '', 150.00, '2025-08-24 00:07:46', 'payment_slips/1755968866_S__22888462_0.jpg', 'approved', '2025-08-24 00:07:46'),
(175, 196, '', 150.00, '2025-08-24 00:09:17', 'payment_slips/1755968957_S__22888464_0.jpg', 'approved', '2025-08-24 00:09:17'),
(176, 196, '', 150.00, '2025-08-24 00:12:05', 'payment_slips/1755969125_S__22888460_0.jpg', 'pending', '2025-08-24 00:12:05'),
(177, 197, '', 50.00, '2025-08-24 00:17:30', 'payment_slips/1755969450_S__22888460_0.jpg', 'pending', '2025-08-24 00:17:30'),
(178, 197, '', 50.00, '2025-08-24 00:18:17', 'payment_slips/1755969497_S__22888460_0.jpg', 'pending', '2025-08-24 00:18:17'),
(179, 197, '', 50.00, '2025-08-24 00:22:57', 'payment_slips/1755969777_S__22888460_0.jpg', 'pending', '2025-08-24 00:22:57'),
(180, 197, '', 50.00, '2025-08-24 00:27:52', 'payment_slips/1755970072_S__22888460_0.jpg', 'pending', '2025-08-24 00:27:52'),
(181, 198, '', 100.00, '2025-08-24 00:50:22', 'payment_slips/1755971422_S__22888461_0.jpg', 'pending', '2025-08-24 00:50:22'),
(182, 199, '', 200.00, '2025-08-24 01:18:04', 'payment_slips/1755973084_S__22888460_0.jpg', 'approved', '2025-08-24 01:18:04'),
(183, 200, '', 100.00, '2025-08-24 01:23:54', 'payment_slips/1755973434_S__22888458_0.jpg', 'approved', '2025-08-24 01:23:54'),
(184, 199, '', 200.00, '2025-08-24 01:25:08', 'payment_slips/1755973508_S__22888461_0.jpg', 'approved', '2025-08-24 01:25:08'),
(185, 201, '', 750.00, '2025-08-24 01:38:09', 'payment_slips/1755974289_S__22888458_0.jpg', 'approved', '2025-08-24 01:38:09'),
(186, 201, '', 750.00, '2025-08-24 01:39:50', 'payment_slips/1755974390_S__22888460_0.jpg', 'pending', '2025-08-24 01:39:50'),
(187, 201, '', 750.00, '2025-08-24 01:45:31', 'payment_slips/1755974731_S__22888464_0.jpg', 'rejected', '2025-08-24 01:45:31'),
(188, 202, '', 225.00, '2025-08-24 03:04:38', 'payment_slips/1755979478_S__22888461_0.jpg', 'approved', '2025-08-24 03:04:38'),
(189, 203, '', 225.00, '2025-08-24 12:10:49', 'payment_slips/1756012249_S__22888460_0.jpg', 'approved', '2025-08-24 12:10:49'),
(190, 204, 'cash', 187.50, '2025-08-24 12:12:21', '', 'approved', '2025-08-24 12:12:21'),
(191, 205, '', 300.00, '2025-08-24 16:46:53', 'payment_slips/1756028813_S__22888460_0.jpg', 'approved', '2025-08-24 16:46:53'),
(192, 206, '', 225.00, '2025-08-24 17:08:57', 'payment_slips/1756030137_S__22888462_0.jpg', 'approved', '2025-08-24 17:08:57'),
(193, 207, '', 225.00, '2025-08-24 18:43:12', 'payment_slips/1756035792_S__22888461_0.jpg', 'approved', '2025-08-24 18:43:12'),
(194, 208, '', 50.00, '2025-08-24 20:24:42', 'payment_slips/1756041882_S__22888460_0.jpg', 'approved', '2025-08-24 20:24:42'),
(195, 209, '', 300.00, '2025-08-24 20:52:01', 'payment_slips/1756043521_S__22888462_0.jpg', 'approved', '2025-08-24 20:52:01'),
(196, 210, '', 300.00, '2025-08-24 21:56:23', 'payment_slips/1756047383_S__22888462_0.jpg', 'approved', '2025-08-24 21:56:23'),
(197, 211, '', 30.00, '2025-08-24 22:10:39', 'payment_slips/1756048239_S__22888460_0.jpg', 'approved', '2025-08-24 22:10:39'),
(198, 212, '', 150.00, '2025-08-24 22:31:45', 'payment_slips/1756049505_S__22888461_0.jpg', 'approved', '2025-08-24 22:31:45'),
(199, 213, '', 225.00, '2025-08-24 22:45:24', 'payment_slips/1756050324_S__22888461_0.jpg', 'approved', '2025-08-24 22:45:24'),
(200, 214, '', 60.00, '2025-08-24 22:47:03', 'payment_slips/1756050423_S__22888462_0.jpg', 'approved', '2025-08-24 22:47:03'),
(201, 215, '', 450.00, '2025-08-24 22:48:39', 'payment_slips/1756050519_S__22888461_0.jpg', 'approved', '2025-08-24 22:48:39'),
(202, 216, '', 525.00, '2025-09-16 01:48:55', 'payment_slips/1757962135_S__22888458_0.jpg', 'approved', '2025-09-16 01:48:55'),
(203, 217, '', 225.00, '2025-09-16 01:52:50', 'payment_slips/1757962370_S__22888463_0.jpg', 'approved', '2025-09-16 01:52:50'),
(204, 218, '', 40.00, '2025-09-16 22:23:27', 'payment_slips/1758036207_S__22888462_0.jpg', 'pending', '2025-09-16 22:23:27');

-- --------------------------------------------------------

--
-- Table structure for table `users`
--

CREATE TABLE `users` (
  `user_id` int(11) NOT NULL,
  `username` varchar(255) NOT NULL,
  `fullname` varchar(100) DEFAULT NULL,
  `email` varchar(100) DEFAULT NULL,
  `phone` varchar(20) DEFAULT NULL,
  `profile_pic` varchar(255) DEFAULT NULL,
  `password` varchar(100) DEFAULT NULL,
  `register_date` date NOT NULL DEFAULT current_timestamp(),
  `role` enum('user','admin') DEFAULT 'user'
) ENGINE=InnoDB DEFAULT CHARSET=utf8mb4 COLLATE=utf8mb4_general_ci;

--
-- Dumping data for table `users`
--

INSERT INTO `users` (`user_id`, `username`, `fullname`, `email`, `phone`, `profile_pic`, `password`, `register_date`, `role`) VALUES
(3, 'ฺBluessasi', 'ศศิเพ็ญ สุพร', 'wonderblues03@gmail.com', '0648266223', '3_DJI_20231121200707_0149_D.JPG', '$2y$10$/sLH3YbZc90O6dwg18zocuvJNwQobxs0G/cgkB1fPJ6rY8ZQhthza', '2025-06-04', 'user'),
(4, 'nan', 'พิชญพร บุญคำ แนน', 's6535C10013@sau.ac.th', '0925927370', '4_S__22241283.jpg', '$2y$10$or3vz9c84MCTRpk/.dsEbuSYpgwPGCL2/ygtj/9AWbpvz2exWV9wG', '2025-06-04', 'user'),
(5, 'admin', 'admin', 'admin@example.com', '0925927370', 'uploads/admin_1754761129_4788aa.jpg', '$2y$10$i0dcVgKwY8MAh6Mdy7l.M.EHwKa7gu8w.TbbA2RWWdFzav4rQeFJu', '2025-06-13', 'admin'),
(6, 'admin123', 'admin123', 'admin123@example.com', '08312345678', '6_20841.jpg', '$2y$10$LFm8S/VnfZh3q/VgPEbWPu0wsaDiIGzQmeQFycbV8A4wfxyfJ8wEG', '2025-06-14', 'admin'),
(7, 'thanyalak', 'Thanyalak somwang', 'S6535C10009@sau.ac.th', '0842380834', '7_Screenshot_4.png', '$2y$10$jXj3nqgizejaT/AVstpipe2KErIinB0otCcC9WJymHVXSRdLXN5hK', '2025-06-19', 'user'),
(8, 'noo', 'เทส อินเด็กคร๊าบ', 'test1234@gmail.com', '08912345678', '8_MOON.png', '$2y$10$t5sG2G.TiXQhanhFJrAln.F75AGoyDKfZUfKZjDQ/ZyHi8fOmHdNK', '2025-06-20', 'user'),
(9, 'iun', 'ศุภิสรา สมรูป', 'iun2563@gmail.com', '0925597478', NULL, '$2y$10$6OsllE2KXZT.hGm8FvzYV.gTb0eUpk8loD2p79PymAXSgwD0e01Fq', '2025-07-08', 'user'),
(10, 'Sainan12', 'pitchayaporn boonkam', 'Pitchayaporn09263@gmail.com', '044589228', NULL, '$2y$10$ONY8Rbfb37vN3.Smiw0lWOZvzvzJd80kpBUDJWB24HWyEjnyBot.2', '2025-07-08', 'user'),
(11, 'nan41', 'แนน พิชญพร', 'S6535C10013@sau.ac.th', '0925597478', '11_แนนนนน.jpg', '$2y$10$3DGdXdvORFPreZs8h2Y4A.PMvj.fbSDOHDJuKJP/lTlW5z7v4zLR.', '2025-08-09', 'user');

--
-- Indexes for dumped tables
--

--
-- Indexes for table `bookings`
--
ALTER TABLE `bookings`
  ADD PRIMARY KEY (`booking_id`),
  ADD KEY `idx_bookings_checkin_time` (`checkin_time`),
  ADD KEY `idx_bookings_date_checkout_endtime` (`booking_date`,`checkout_time`,`booking_end_time`);

--
-- Indexes for table `desks`
--
ALTER TABLE `desks`
  ADD PRIMARY KEY (`desk_id`);

--
-- Indexes for table `payments`
--
ALTER TABLE `payments`
  ADD PRIMARY KEY (`payment_id`),
  ADD KEY `idx_payments_verified_created` (`payment_verified`,`created_at`),
  ADD KEY `idx_payments_booking_id` (`booking_id`);

--
-- Indexes for table `users`
--
ALTER TABLE `users`
  ADD PRIMARY KEY (`user_id`);

--
-- AUTO_INCREMENT for dumped tables
--

--
-- AUTO_INCREMENT for table `bookings`
--
ALTER TABLE `bookings`
  MODIFY `booking_id` int(11) NOT NULL AUTO_INCREMENT, AUTO_INCREMENT=219;

--
-- AUTO_INCREMENT for table `desks`
--
ALTER TABLE `desks`
  MODIFY `desk_id` int(11) NOT NULL AUTO_INCREMENT, AUTO_INCREMENT=39;

--
-- AUTO_INCREMENT for table `payments`
--
ALTER TABLE `payments`
  MODIFY `payment_id` int(11) NOT NULL AUTO_INCREMENT, AUTO_INCREMENT=205;

--
-- AUTO_INCREMENT for table `users`
--
ALTER TABLE `users`
  MODIFY `user_id` int(11) NOT NULL AUTO_INCREMENT, AUTO_INCREMENT=12;

--
-- Constraints for dumped tables
--

--
-- Constraints for table `bookings`
--
ALTER TABLE `bookings`
  ADD CONSTRAINT `bookings_ibfk_1` FOREIGN KEY (`user_id`) REFERENCES `users` (`user_id`),
  ADD CONSTRAINT `bookings_ibfk_2` FOREIGN KEY (`desk_id`) REFERENCES `desks` (`desk_id`);

--
-- Constraints for table `payments`
--
ALTER TABLE `payments`
  ADD CONSTRAINT `payments_ibfk_1` FOREIGN KEY (`booking_id`) REFERENCES `bookings` (`booking_id`) ON DELETE CASCADE ON UPDATE CASCADE;
COMMIT;

/*!40101 SET CHARACTER_SET_CLIENT=@OLD_CHARACTER_SET_CLIENT */;
/*!40101 SET CHARACTER_SET_RESULTS=@OLD_CHARACTER_SET_RESULTS */;
/*!40101 SET COLLATION_CONNECTION=@OLD_COLLATION_CONNECTION */;
